-- MySQL dump 10.11
--
-- Host: mcs10    Database: vrtrack_hipsci_qc1_pilot
-- ------------------------------------------------------
-- Server version	5.0.37-log

/*!40101 SET @OLD_CHARACTER_SET_CLIENT=@@CHARACTER_SET_CLIENT */;
/*!40101 SET @OLD_CHARACTER_SET_RESULTS=@@CHARACTER_SET_RESULTS */;
/*!40101 SET @OLD_COLLATION_CONNECTION=@@COLLATION_CONNECTION */;
/*!40101 SET NAMES utf8 */;
/*!40103 SET @OLD_TIME_ZONE=@@TIME_ZONE */;
/*!40103 SET TIME_ZONE='+00:00' */;
/*!40014 SET @OLD_UNIQUE_CHECKS=@@UNIQUE_CHECKS, UNIQUE_CHECKS=0 */;
/*!40014 SET @OLD_FOREIGN_KEY_CHECKS=@@FOREIGN_KEY_CHECKS, FOREIGN_KEY_CHECKS=0 */;
/*!40101 SET @OLD_SQL_MODE=@@SQL_MODE, SQL_MODE='NO_AUTO_VALUE_ON_ZERO' */;
/*!40111 SET @OLD_SQL_NOTES=@@SQL_NOTES, SQL_NOTES=0 */;

--
-- Table structure for table `allocation`
--

DROP TABLE IF EXISTS `allocation`;
SET @saved_cs_client     = @@character_set_client;
SET character_set_client = utf8;
CREATE TABLE `allocation` (
  `study_id` smallint(5) unsigned NOT NULL default '0',
  `individual_id` smallint(5) unsigned NOT NULL default '0',
  `seq_centre_id` smallint(5) unsigned NOT NULL default '0',
  PRIMARY KEY  (`study_id`,`individual_id`,`seq_centre_id`)
) ENGINE=InnoDB DEFAULT CHARSET=latin1;
SET character_set_client = @saved_cs_client;

--
-- Dumping data for table `allocation`
--

LOCK TABLES `allocation` WRITE;
/*!40000 ALTER TABLE `allocation` DISABLE KEYS */;
/*!40000 ALTER TABLE `allocation` ENABLE KEYS */;
UNLOCK TABLES;

--
-- Table structure for table `assembly`
--

DROP TABLE IF EXISTS `assembly`;
SET @saved_cs_client     = @@character_set_client;
SET character_set_client = utf8;
CREATE TABLE `assembly` (
  `assembly_id` smallint(5) unsigned NOT NULL auto_increment,
  `name` varchar(255) NOT NULL default '',
  `reference_size` int(11) default NULL,
  `taxon_id` mediumint(8) unsigned default NULL,
  `translation_table` smallint(5) unsigned default NULL,
  PRIMARY KEY  (`assembly_id`)
) ENGINE=InnoDB DEFAULT CHARSET=latin1;
SET character_set_client = @saved_cs_client;

--
-- Dumping data for table `assembly`
--

LOCK TABLES `assembly` WRITE;
/*!40000 ALTER TABLE `assembly` DISABLE KEYS */;
/*!40000 ALTER TABLE `assembly` ENABLE KEYS */;
UNLOCK TABLES;

--
-- Table structure for table `autoqc`
--

DROP TABLE IF EXISTS `autoqc`;
SET @saved_cs_client     = @@character_set_client;
SET character_set_client = utf8;
CREATE TABLE `autoqc` (
  `autoqc_id` mediumint(8) unsigned NOT NULL auto_increment,
  `mapstats_id` mediumint(8) unsigned NOT NULL default '0',
  `test` varchar(50) NOT NULL default '',
  `result` tinyint(1) default '0',
  `reason` varchar(200) NOT NULL default '',
  PRIMARY KEY  (`autoqc_id`),
  UNIQUE KEY `mapstats_test` (`mapstats_id`,`test`),
  KEY `mapstats_id` (`mapstats_id`)
) ENGINE=InnoDB DEFAULT CHARSET=latin1;
SET character_set_client = @saved_cs_client;

--
-- Dumping data for table `autoqc`
--

LOCK TABLES `autoqc` WRITE;
/*!40000 ALTER TABLE `autoqc` DISABLE KEYS */;
/*!40000 ALTER TABLE `autoqc` ENABLE KEYS */;
UNLOCK TABLES;

--
-- Table structure for table `exome_design`
--

DROP TABLE IF EXISTS `exome_design`;
SET @saved_cs_client     = @@character_set_client;
SET character_set_client = utf8;
CREATE TABLE `exome_design` (
  `exome_design_id` smallint(5) unsigned NOT NULL auto_increment,
  `name` varchar(255) NOT NULL default '',
  `bait_bases` bigint(20) unsigned default NULL,
  `target_bases` bigint(20) unsigned default NULL,
  PRIMARY KEY  (`exome_design_id`)
) ENGINE=InnoDB DEFAULT CHARSET=latin1;
SET character_set_client = @saved_cs_client;

--
-- Dumping data for table `exome_design`
--

LOCK TABLES `exome_design` WRITE;
/*!40000 ALTER TABLE `exome_design` DISABLE KEYS */;
/*!40000 ALTER TABLE `exome_design` ENABLE KEYS */;
UNLOCK TABLES;

--
-- Table structure for table `file`
--

DROP TABLE IF EXISTS `file`;
SET @saved_cs_client     = @@character_set_client;
SET character_set_client = utf8;
CREATE TABLE `file` (
  `row_id` int(10) unsigned NOT NULL auto_increment,
  `file_id` mediumint(8) unsigned NOT NULL default '0',
  `lane_id` mediumint(8) unsigned NOT NULL default '0',
  `name` varchar(255) NOT NULL default '',
  `hierarchy_name` varchar(255) default NULL,
  `processed` int(10) default '0',
  `type` tinyint(4) default NULL,
  `readlen` smallint(5) unsigned default NULL,
  `raw_reads` bigint(20) unsigned default NULL,
  `raw_bases` bigint(20) unsigned default NULL,
  `mean_q` float unsigned default NULL,
  `md5` char(32) default NULL,
  `note_id` mediumint(8) unsigned default NULL,
  `changed` datetime NOT NULL default '0000-00-00 00:00:00',
  `latest` tinyint(1) default '0',
  PRIMARY KEY  (`row_id`),
  KEY `file_id` (`file_id`),
  KEY `lane_id` (`lane_id`),
  KEY `hierarchy_name` (`hierarchy_name`),
  KEY `name` (`name`)
) ENGINE=InnoDB DEFAULT CHARSET=latin1;
SET character_set_client = @saved_cs_client;

--
-- Dumping data for table `file`
--

LOCK TABLES `file` WRITE;
/*!40000 ALTER TABLE `file` DISABLE KEYS */;
INSERT INTO `file` VALUES (1,1,0,'9274735028_R06C02.gtc','9274735028_R06C02_gtc',0,NULL,NULL,NULL,NULL,NULL,NULL,NULL,'2013-05-16 17:09:04',0),(2,1,1,'9274735028_R06C02.gtc','9274735028_R06C02.gtc',0,NULL,NULL,NULL,NULL,NULL,NULL,NULL,'2013-05-16 17:09:04',0),(3,1,1,'9274735028_R06C02.gtc','9274735028_R06C02.gtc',0,7,NULL,NULL,NULL,NULL,'440d6da5bcada7bc0e885ef7998b263a',NULL,'2013-05-16 17:09:04',1),(4,4,0,'9274735028_R06C01.gtc','9274735028_R06C01_gtc',0,NULL,NULL,NULL,NULL,NULL,NULL,NULL,'2013-05-16 17:09:05',0),(5,4,4,'9274735028_R06C01.gtc','9274735028_R06C01.gtc',0,NULL,NULL,NULL,NULL,NULL,NULL,NULL,'2013-05-16 17:09:05',0),(6,4,4,'9274735028_R06C01.gtc','9274735028_R06C01.gtc',0,7,NULL,NULL,NULL,NULL,'d5da80818260adee189cc61acea8a9d4',NULL,'2013-05-16 17:09:05',1),(7,7,0,'9274735028_R05C02.gtc','9274735028_R05C02_gtc',0,NULL,NULL,NULL,NULL,NULL,NULL,NULL,'2013-05-16 17:09:05',0),(8,7,7,'9274735028_R05C02.gtc','9274735028_R05C02.gtc',0,NULL,NULL,NULL,NULL,NULL,NULL,NULL,'2013-05-16 17:09:05',0),(9,7,7,'9274735028_R05C02.gtc','9274735028_R05C02.gtc',0,7,NULL,NULL,NULL,NULL,'20efbf97b6fa22ce754a2ad507856706',NULL,'2013-05-16 17:09:05',1),(10,10,0,'9274735028_R05C01.gtc','9274735028_R05C01_gtc',0,NULL,NULL,NULL,NULL,NULL,NULL,NULL,'2013-05-16 17:09:05',0),(11,10,10,'9274735028_R05C01.gtc','9274735028_R05C01.gtc',0,NULL,NULL,NULL,NULL,NULL,NULL,NULL,'2013-05-16 17:09:05',0),(12,10,10,'9274735028_R05C01.gtc','9274735028_R05C01.gtc',0,7,NULL,NULL,NULL,NULL,'f9bde72644bcee36b130e88598ece670',NULL,'2013-05-16 17:09:05',1),(13,13,0,'9274735028_R04C02.gtc','9274735028_R04C02_gtc',0,NULL,NULL,NULL,NULL,NULL,NULL,NULL,'2013-05-16 17:09:05',0),(14,13,13,'9274735028_R04C02.gtc','9274735028_R04C02.gtc',0,NULL,NULL,NULL,NULL,NULL,NULL,NULL,'2013-05-16 17:09:05',0),(15,13,13,'9274735028_R04C02.gtc','9274735028_R04C02.gtc',0,7,NULL,NULL,NULL,NULL,'2a45463fdc6ea47c6832d7ba38368c90',NULL,'2013-05-16 17:09:05',1),(16,16,0,'9274735028_R04C01.gtc','9274735028_R04C01_gtc',0,NULL,NULL,NULL,NULL,NULL,NULL,NULL,'2013-05-16 17:09:05',0),(17,16,16,'9274735028_R04C01.gtc','9274735028_R04C01.gtc',0,NULL,NULL,NULL,NULL,NULL,NULL,NULL,'2013-05-16 17:09:05',0),(18,16,16,'9274735028_R04C01.gtc','9274735028_R04C01.gtc',0,7,NULL,NULL,NULL,NULL,'ba79e43be1b26e31ec569cc646d713e1',NULL,'2013-05-16 17:09:05',1),(19,19,0,'9274735028_R03C02.gtc','9274735028_R03C02_gtc',0,NULL,NULL,NULL,NULL,NULL,NULL,NULL,'2013-05-16 17:09:05',0),(20,19,19,'9274735028_R03C02.gtc','9274735028_R03C02.gtc',0,NULL,NULL,NULL,NULL,NULL,NULL,NULL,'2013-05-16 17:09:05',0),(21,19,19,'9274735028_R03C02.gtc','9274735028_R03C02.gtc',0,7,NULL,NULL,NULL,NULL,'bcbc381b597137eecc2b8aeec143eab1',NULL,'2013-05-16 17:09:05',1),(22,22,0,'9274735028_R03C01.gtc','9274735028_R03C01_gtc',0,NULL,NULL,NULL,NULL,NULL,NULL,NULL,'2013-05-16 17:09:05',0),(23,22,22,'9274735028_R03C01.gtc','9274735028_R03C01.gtc',0,NULL,NULL,NULL,NULL,NULL,NULL,NULL,'2013-05-16 17:09:05',0),(24,22,22,'9274735028_R03C01.gtc','9274735028_R03C01.gtc',0,7,NULL,NULL,NULL,NULL,'8299e27f819fea39391b210c9dcbabd2',NULL,'2013-05-16 17:09:05',1),(25,25,0,'9274735028_R02C02.gtc','9274735028_R02C02_gtc',0,NULL,NULL,NULL,NULL,NULL,NULL,NULL,'2013-05-16 17:09:05',0),(26,25,25,'9274735028_R02C02.gtc','9274735028_R02C02.gtc',0,NULL,NULL,NULL,NULL,NULL,NULL,NULL,'2013-05-16 17:09:05',0),(27,25,25,'9274735028_R02C02.gtc','9274735028_R02C02.gtc',0,7,NULL,NULL,NULL,NULL,'c2b1fff31fd78051808d7b5be5258fc8',NULL,'2013-05-16 17:09:05',1),(28,28,0,'9274735028_R02C01.gtc','9274735028_R02C01_gtc',0,NULL,NULL,NULL,NULL,NULL,NULL,NULL,'2013-05-16 17:09:05',0),(29,28,28,'9274735028_R02C01.gtc','9274735028_R02C01.gtc',0,NULL,NULL,NULL,NULL,NULL,NULL,NULL,'2013-05-16 17:09:05',0),(30,28,28,'9274735028_R02C01.gtc','9274735028_R02C01.gtc',0,7,NULL,NULL,NULL,NULL,'27a96272c4b2d280b5c81328ebd0dfbf',NULL,'2013-05-16 17:09:05',1),(31,31,0,'9274735028_R01C02.gtc','9274735028_R01C02_gtc',0,NULL,NULL,NULL,NULL,NULL,NULL,NULL,'2013-05-16 17:09:05',0),(32,31,31,'9274735028_R01C02.gtc','9274735028_R01C02.gtc',0,NULL,NULL,NULL,NULL,NULL,NULL,NULL,'2013-05-16 17:09:05',0),(33,31,31,'9274735028_R01C02.gtc','9274735028_R01C02.gtc',0,7,NULL,NULL,NULL,NULL,'1a6390c8666eeec6982fcec60a0298bf',NULL,'2013-05-16 17:09:05',1),(34,34,0,'9274735028_R01C01.gtc','9274735028_R01C01_gtc',0,NULL,NULL,NULL,NULL,NULL,NULL,NULL,'2013-05-16 17:09:06',0),(35,34,34,'9274735028_R01C01.gtc','9274735028_R01C01.gtc',0,NULL,NULL,NULL,NULL,NULL,NULL,NULL,'2013-05-16 17:09:06',0),(36,34,34,'9274735028_R01C01.gtc','9274735028_R01C01.gtc',0,7,NULL,NULL,NULL,NULL,'6c71a98316c9f3e1a45f319c240a8a36',NULL,'2013-05-16 17:09:06',1),(37,37,0,'9273354128_R06C02.gtc','9273354128_R06C02_gtc',0,NULL,NULL,NULL,NULL,NULL,NULL,NULL,'2013-05-16 17:09:06',0),(38,37,37,'9273354128_R06C02.gtc','9273354128_R06C02.gtc',0,NULL,NULL,NULL,NULL,NULL,NULL,NULL,'2013-05-16 17:09:06',0),(39,37,37,'9273354128_R06C02.gtc','9273354128_R06C02.gtc',0,7,NULL,NULL,NULL,NULL,'23ab5ababe6b644e7ad5d29c7b2a9ff7',NULL,'2013-05-16 17:09:06',1),(40,40,0,'9273354128_R06C01.gtc','9273354128_R06C01_gtc',0,NULL,NULL,NULL,NULL,NULL,NULL,NULL,'2013-05-16 17:09:06',0),(41,40,40,'9273354128_R06C01.gtc','9273354128_R06C01.gtc',0,NULL,NULL,NULL,NULL,NULL,NULL,NULL,'2013-05-16 17:09:06',0),(42,40,40,'9273354128_R06C01.gtc','9273354128_R06C01.gtc',0,7,NULL,NULL,NULL,NULL,'960ceed6f32223bed66be28a3c4eb5c3',NULL,'2013-05-16 17:09:06',1),(43,43,0,'9273354128_R05C02.gtc','9273354128_R05C02_gtc',0,NULL,NULL,NULL,NULL,NULL,NULL,NULL,'2013-05-16 17:09:06',0),(44,43,43,'9273354128_R05C02.gtc','9273354128_R05C02.gtc',0,NULL,NULL,NULL,NULL,NULL,NULL,NULL,'2013-05-16 17:09:06',0),(45,43,43,'9273354128_R05C02.gtc','9273354128_R05C02.gtc',0,7,NULL,NULL,NULL,NULL,'c3865e526fb72807bcfcffe6bfe145d9',NULL,'2013-05-16 17:09:06',1),(46,46,0,'9273354128_R05C01.gtc','9273354128_R05C01_gtc',0,NULL,NULL,NULL,NULL,NULL,NULL,NULL,'2013-05-16 17:09:06',0),(47,46,46,'9273354128_R05C01.gtc','9273354128_R05C01.gtc',0,NULL,NULL,NULL,NULL,NULL,NULL,NULL,'2013-05-16 17:09:06',0),(48,46,46,'9273354128_R05C01.gtc','9273354128_R05C01.gtc',0,7,NULL,NULL,NULL,NULL,'ba27a6a428d68f053bd0862910e099ef',NULL,'2013-05-16 17:09:06',1),(49,49,0,'9273354128_R04C02.gtc','9273354128_R04C02_gtc',0,NULL,NULL,NULL,NULL,NULL,NULL,NULL,'2013-05-16 17:09:06',0),(50,49,49,'9273354128_R04C02.gtc','9273354128_R04C02.gtc',0,NULL,NULL,NULL,NULL,NULL,NULL,NULL,'2013-05-16 17:09:06',0),(51,49,49,'9273354128_R04C02.gtc','9273354128_R04C02.gtc',0,7,NULL,NULL,NULL,NULL,'d8c9c39bb60035e5e196a03acb575c19',NULL,'2013-05-16 17:09:06',1),(52,52,0,'9273354128_R04C01.gtc','9273354128_R04C01_gtc',0,NULL,NULL,NULL,NULL,NULL,NULL,NULL,'2013-05-16 17:09:06',0),(53,52,52,'9273354128_R04C01.gtc','9273354128_R04C01.gtc',0,NULL,NULL,NULL,NULL,NULL,NULL,NULL,'2013-05-16 17:09:06',0),(54,52,52,'9273354128_R04C01.gtc','9273354128_R04C01.gtc',0,7,NULL,NULL,NULL,NULL,'ef265094f43ce3097b2b5549f4c05f78',NULL,'2013-05-16 17:09:06',1),(55,55,0,'9273354128_R03C02.gtc','9273354128_R03C02_gtc',0,NULL,NULL,NULL,NULL,NULL,NULL,NULL,'2013-05-16 17:09:06',0),(56,55,55,'9273354128_R03C02.gtc','9273354128_R03C02.gtc',0,NULL,NULL,NULL,NULL,NULL,NULL,NULL,'2013-05-16 17:09:06',0),(57,55,55,'9273354128_R03C02.gtc','9273354128_R03C02.gtc',0,7,NULL,NULL,NULL,NULL,'b700e23f685ac5f3e7dddd81c9d96c2c',NULL,'2013-05-16 17:09:06',1),(58,58,0,'9273354128_R03C01.gtc','9273354128_R03C01_gtc',0,NULL,NULL,NULL,NULL,NULL,NULL,NULL,'2013-05-16 17:09:06',0),(59,58,58,'9273354128_R03C01.gtc','9273354128_R03C01.gtc',0,NULL,NULL,NULL,NULL,NULL,NULL,NULL,'2013-05-16 17:09:06',0),(60,58,58,'9273354128_R03C01.gtc','9273354128_R03C01.gtc',0,7,NULL,NULL,NULL,NULL,'9d2daacc24fe0fce7540f92116bcefb6',NULL,'2013-05-16 17:09:06',1),(61,61,0,'9273354128_R02C02.gtc','9273354128_R02C02_gtc',0,NULL,NULL,NULL,NULL,NULL,NULL,NULL,'2013-05-16 17:09:07',0),(62,61,61,'9273354128_R02C02.gtc','9273354128_R02C02.gtc',0,NULL,NULL,NULL,NULL,NULL,NULL,NULL,'2013-05-16 17:09:07',0),(63,61,61,'9273354128_R02C02.gtc','9273354128_R02C02.gtc',0,7,NULL,NULL,NULL,NULL,'4eeba3147b95827becfc616c5f86edac',NULL,'2013-05-16 17:09:07',1),(64,64,0,'9273354128_R02C01.gtc','9273354128_R02C01_gtc',0,NULL,NULL,NULL,NULL,NULL,NULL,NULL,'2013-05-16 17:09:07',0),(65,64,64,'9273354128_R02C01.gtc','9273354128_R02C01.gtc',0,NULL,NULL,NULL,NULL,NULL,NULL,NULL,'2013-05-16 17:09:07',0),(66,64,64,'9273354128_R02C01.gtc','9273354128_R02C01.gtc',0,7,NULL,NULL,NULL,NULL,'436e7d0950088f550676ee4a80375caf',NULL,'2013-05-16 17:09:07',1),(67,67,0,'9273354128_R01C02.gtc','9273354128_R01C02_gtc',0,NULL,NULL,NULL,NULL,NULL,NULL,NULL,'2013-05-16 17:09:07',0),(68,67,67,'9273354128_R01C02.gtc','9273354128_R01C02.gtc',0,NULL,NULL,NULL,NULL,NULL,NULL,NULL,'2013-05-16 17:09:07',0),(69,67,67,'9273354128_R01C02.gtc','9273354128_R01C02.gtc',0,7,NULL,NULL,NULL,NULL,'8c8437cca3a470239e77d4e1483d9d8d',NULL,'2013-05-16 17:09:07',1),(70,70,0,'9273354128_R01C01.gtc','9273354128_R01C01_gtc',0,NULL,NULL,NULL,NULL,NULL,NULL,NULL,'2013-05-16 17:09:07',0),(71,70,70,'9273354128_R01C01.gtc','9273354128_R01C01.gtc',0,NULL,NULL,NULL,NULL,NULL,NULL,NULL,'2013-05-16 17:09:07',0),(72,70,70,'9273354128_R01C01.gtc','9273354128_R01C01.gtc',0,7,NULL,NULL,NULL,NULL,'a5d0d01f31796c8a957836e1d4abc928',NULL,'2013-05-16 17:09:07',1),(73,73,0,'9273354127_R06C02.gtc','9273354127_R06C02_gtc',0,NULL,NULL,NULL,NULL,NULL,NULL,NULL,'2013-05-16 17:09:07',0),(74,73,73,'9273354127_R06C02.gtc','9273354127_R06C02.gtc',0,NULL,NULL,NULL,NULL,NULL,NULL,NULL,'2013-05-16 17:09:07',0),(75,73,73,'9273354127_R06C02.gtc','9273354127_R06C02.gtc',0,7,NULL,NULL,NULL,NULL,'c1117a256733eac3aa40cdb31c3bf8bd',NULL,'2013-05-16 17:09:07',1),(76,76,0,'9273354127_R06C01.gtc','9273354127_R06C01_gtc',0,NULL,NULL,NULL,NULL,NULL,NULL,NULL,'2013-05-16 17:09:07',0),(77,76,76,'9273354127_R06C01.gtc','9273354127_R06C01.gtc',0,NULL,NULL,NULL,NULL,NULL,NULL,NULL,'2013-05-16 17:09:07',0),(78,76,76,'9273354127_R06C01.gtc','9273354127_R06C01.gtc',0,7,NULL,NULL,NULL,NULL,'04e755ba6102831ae3d394369081ae36',NULL,'2013-05-16 17:09:07',1),(79,79,0,'9273354127_R05C02.gtc','9273354127_R05C02_gtc',0,NULL,NULL,NULL,NULL,NULL,NULL,NULL,'2013-05-16 17:09:07',0),(80,79,79,'9273354127_R05C02.gtc','9273354127_R05C02.gtc',0,NULL,NULL,NULL,NULL,NULL,NULL,NULL,'2013-05-16 17:09:07',0),(81,79,79,'9273354127_R05C02.gtc','9273354127_R05C02.gtc',0,7,NULL,NULL,NULL,NULL,'17c22afc7196350627b7e3a86ecae7b3',NULL,'2013-05-16 17:09:07',1),(82,82,0,'9273354127_R05C01.gtc','9273354127_R05C01_gtc',0,NULL,NULL,NULL,NULL,NULL,NULL,NULL,'2013-05-16 17:09:07',0),(83,82,82,'9273354127_R05C01.gtc','9273354127_R05C01.gtc',0,NULL,NULL,NULL,NULL,NULL,NULL,NULL,'2013-05-16 17:09:07',0),(84,82,82,'9273354127_R05C01.gtc','9273354127_R05C01.gtc',0,7,NULL,NULL,NULL,NULL,'f456696662fe0c650086b482ac295d3d',NULL,'2013-05-16 17:09:07',1),(85,85,0,'9273354127_R04C02.gtc','9273354127_R04C02_gtc',0,NULL,NULL,NULL,NULL,NULL,NULL,NULL,'2013-05-16 17:09:08',0),(86,85,85,'9273354127_R04C02.gtc','9273354127_R04C02.gtc',0,NULL,NULL,NULL,NULL,NULL,NULL,NULL,'2013-05-16 17:09:08',0),(87,85,85,'9273354127_R04C02.gtc','9273354127_R04C02.gtc',0,7,NULL,NULL,NULL,NULL,'60f14556382f3fedd9a58a1108916038',NULL,'2013-05-16 17:09:08',1),(88,88,0,'9273354127_R04C01.gtc','9273354127_R04C01_gtc',0,NULL,NULL,NULL,NULL,NULL,NULL,NULL,'2013-05-16 17:09:08',0),(89,88,88,'9273354127_R04C01.gtc','9273354127_R04C01.gtc',0,NULL,NULL,NULL,NULL,NULL,NULL,NULL,'2013-05-16 17:09:08',0),(90,88,88,'9273354127_R04C01.gtc','9273354127_R04C01.gtc',0,7,NULL,NULL,NULL,NULL,'ffd943f258ab1cb55e2bae8d1586895e',NULL,'2013-05-16 17:09:08',1),(91,91,0,'9273354127_R03C02.gtc','9273354127_R03C02_gtc',0,NULL,NULL,NULL,NULL,NULL,NULL,NULL,'2013-05-16 17:09:08',0),(92,91,91,'9273354127_R03C02.gtc','9273354127_R03C02.gtc',0,NULL,NULL,NULL,NULL,NULL,NULL,NULL,'2013-05-16 17:09:08',0),(93,91,91,'9273354127_R03C02.gtc','9273354127_R03C02.gtc',0,7,NULL,NULL,NULL,NULL,'774a224bf0cd2238ccb5e3fa71bd4010',NULL,'2013-05-16 17:09:08',1),(94,94,0,'9273354127_R03C01.gtc','9273354127_R03C01_gtc',0,NULL,NULL,NULL,NULL,NULL,NULL,NULL,'2013-05-16 17:09:08',0),(95,94,94,'9273354127_R03C01.gtc','9273354127_R03C01.gtc',0,NULL,NULL,NULL,NULL,NULL,NULL,NULL,'2013-05-16 17:09:08',0),(96,94,94,'9273354127_R03C01.gtc','9273354127_R03C01.gtc',0,7,NULL,NULL,NULL,NULL,'90524224186d1e3fd6a917ea46b4d1e5',NULL,'2013-05-16 17:09:08',1),(97,97,0,'9273354127_R02C02.gtc','9273354127_R02C02_gtc',0,NULL,NULL,NULL,NULL,NULL,NULL,NULL,'2013-05-16 17:09:08',0),(98,97,97,'9273354127_R02C02.gtc','9273354127_R02C02.gtc',0,NULL,NULL,NULL,NULL,NULL,NULL,NULL,'2013-05-16 17:09:08',0),(99,97,97,'9273354127_R02C02.gtc','9273354127_R02C02.gtc',0,7,NULL,NULL,NULL,NULL,'1d1d636d496b35e421ed7715d108d246',NULL,'2013-05-16 17:09:08',1),(100,100,0,'9273354127_R02C01.gtc','9273354127_R02C01_gtc',0,NULL,NULL,NULL,NULL,NULL,NULL,NULL,'2013-05-16 17:09:08',0),(101,100,100,'9273354127_R02C01.gtc','9273354127_R02C01.gtc',0,NULL,NULL,NULL,NULL,NULL,NULL,NULL,'2013-05-16 17:09:08',0),(102,100,100,'9273354127_R02C01.gtc','9273354127_R02C01.gtc',0,7,NULL,NULL,NULL,NULL,'a5ec4f92217f544bddd72a7f0cc879bc',NULL,'2013-05-16 17:09:08',1),(103,103,0,'9273354127_R01C02.gtc','9273354127_R01C02_gtc',0,NULL,NULL,NULL,NULL,NULL,NULL,NULL,'2013-05-16 17:09:08',0),(104,103,103,'9273354127_R01C02.gtc','9273354127_R01C02.gtc',0,NULL,NULL,NULL,NULL,NULL,NULL,NULL,'2013-05-16 17:09:08',0),(105,103,103,'9273354127_R01C02.gtc','9273354127_R01C02.gtc',0,7,NULL,NULL,NULL,NULL,'0f2b2d5c00295f5e2ebabb4428d90717',NULL,'2013-05-16 17:09:08',1),(106,106,0,'9273354127_R01C01.gtc','9273354127_R01C01_gtc',0,NULL,NULL,NULL,NULL,NULL,NULL,NULL,'2013-05-16 17:09:09',0),(107,106,106,'9273354127_R01C01.gtc','9273354127_R01C01.gtc',0,NULL,NULL,NULL,NULL,NULL,NULL,NULL,'2013-05-16 17:09:09',0),(108,106,106,'9273354127_R01C01.gtc','9273354127_R01C01.gtc',0,7,NULL,NULL,NULL,NULL,'e5c45bb93ed70231e8f202c2aa7a5ed1',NULL,'2013-05-16 17:09:09',1),(109,109,0,'9273354121_R06C02.gtc','9273354121_R06C02_gtc',0,NULL,NULL,NULL,NULL,NULL,NULL,NULL,'2013-05-16 17:09:09',0),(110,109,109,'9273354121_R06C02.gtc','9273354121_R06C02.gtc',0,NULL,NULL,NULL,NULL,NULL,NULL,NULL,'2013-05-16 17:09:09',0),(111,109,109,'9273354121_R06C02.gtc','9273354121_R06C02.gtc',0,7,NULL,NULL,NULL,NULL,'27f11816466ec375b6d60e86948c5b65',NULL,'2013-05-16 17:09:09',1),(112,112,0,'9273354121_R06C01.gtc','9273354121_R06C01_gtc',0,NULL,NULL,NULL,NULL,NULL,NULL,NULL,'2013-05-16 17:09:09',0),(113,112,112,'9273354121_R06C01.gtc','9273354121_R06C01.gtc',0,NULL,NULL,NULL,NULL,NULL,NULL,NULL,'2013-05-16 17:09:09',0),(114,112,112,'9273354121_R06C01.gtc','9273354121_R06C01.gtc',0,7,NULL,NULL,NULL,NULL,'c07513eafcc62883e2c325cb45bd003d',NULL,'2013-05-16 17:09:09',1),(115,115,0,'9273354121_R05C02.gtc','9273354121_R05C02_gtc',0,NULL,NULL,NULL,NULL,NULL,NULL,NULL,'2013-05-16 17:09:09',0),(116,115,115,'9273354121_R05C02.gtc','9273354121_R05C02.gtc',0,NULL,NULL,NULL,NULL,NULL,NULL,NULL,'2013-05-16 17:09:09',0),(117,115,115,'9273354121_R05C02.gtc','9273354121_R05C02.gtc',0,7,NULL,NULL,NULL,NULL,'aea9127c63b9f2b804ab26a277ba6853',NULL,'2013-05-16 17:09:09',1),(118,118,0,'9273354121_R05C01.gtc','9273354121_R05C01_gtc',0,NULL,NULL,NULL,NULL,NULL,NULL,NULL,'2013-05-16 17:09:09',0),(119,118,118,'9273354121_R05C01.gtc','9273354121_R05C01.gtc',0,NULL,NULL,NULL,NULL,NULL,NULL,NULL,'2013-05-16 17:09:09',0),(120,118,118,'9273354121_R05C01.gtc','9273354121_R05C01.gtc',0,7,NULL,NULL,NULL,NULL,'a4d5b2ee1928a4b00161177bfb269004',NULL,'2013-05-16 17:09:09',1),(121,121,0,'9273354121_R04C02.gtc','9273354121_R04C02_gtc',0,NULL,NULL,NULL,NULL,NULL,NULL,NULL,'2013-05-16 17:09:09',0),(122,121,121,'9273354121_R04C02.gtc','9273354121_R04C02.gtc',0,NULL,NULL,NULL,NULL,NULL,NULL,NULL,'2013-05-16 17:09:09',0),(123,121,121,'9273354121_R04C02.gtc','9273354121_R04C02.gtc',0,7,NULL,NULL,NULL,NULL,'1d3376fbe39e11621cf7b45049614351',NULL,'2013-05-16 17:09:09',1),(124,124,0,'9273354121_R04C01.gtc','9273354121_R04C01_gtc',0,NULL,NULL,NULL,NULL,NULL,NULL,NULL,'2013-05-16 17:09:09',0),(125,124,124,'9273354121_R04C01.gtc','9273354121_R04C01.gtc',0,NULL,NULL,NULL,NULL,NULL,NULL,NULL,'2013-05-16 17:09:09',0),(126,124,124,'9273354121_R04C01.gtc','9273354121_R04C01.gtc',0,7,NULL,NULL,NULL,NULL,'3d508867b7d9b8f40999821ce3c3c577',NULL,'2013-05-16 17:09:09',1),(127,127,0,'9273354121_R03C02.gtc','9273354121_R03C02_gtc',0,NULL,NULL,NULL,NULL,NULL,NULL,NULL,'2013-05-16 17:09:10',0),(128,127,127,'9273354121_R03C02.gtc','9273354121_R03C02.gtc',0,NULL,NULL,NULL,NULL,NULL,NULL,NULL,'2013-05-16 17:09:10',0),(129,127,127,'9273354121_R03C02.gtc','9273354121_R03C02.gtc',0,7,NULL,NULL,NULL,NULL,'d3869133bb9315e9e123659cc1abb86f',NULL,'2013-05-16 17:09:10',1),(130,130,0,'9273354121_R03C01.gtc','9273354121_R03C01_gtc',0,NULL,NULL,NULL,NULL,NULL,NULL,NULL,'2013-05-16 17:09:10',0),(131,130,130,'9273354121_R03C01.gtc','9273354121_R03C01.gtc',0,NULL,NULL,NULL,NULL,NULL,NULL,NULL,'2013-05-16 17:09:10',0),(132,130,130,'9273354121_R03C01.gtc','9273354121_R03C01.gtc',0,7,NULL,NULL,NULL,NULL,'1ab7c76acac5fb02cded346e441187fe',NULL,'2013-05-16 17:09:10',1),(133,133,0,'9273354121_R02C02.gtc','9273354121_R02C02_gtc',0,NULL,NULL,NULL,NULL,NULL,NULL,NULL,'2013-05-16 17:09:10',0),(134,133,133,'9273354121_R02C02.gtc','9273354121_R02C02.gtc',0,NULL,NULL,NULL,NULL,NULL,NULL,NULL,'2013-05-16 17:09:10',0),(135,133,133,'9273354121_R02C02.gtc','9273354121_R02C02.gtc',0,7,NULL,NULL,NULL,NULL,'61e0f92241ce336547981ca03b2853a1',NULL,'2013-05-16 17:09:11',1),(136,136,0,'9273354121_R02C01.gtc','9273354121_R02C01_gtc',0,NULL,NULL,NULL,NULL,NULL,NULL,NULL,'2013-05-16 17:09:11',0),(137,136,136,'9273354121_R02C01.gtc','9273354121_R02C01.gtc',0,NULL,NULL,NULL,NULL,NULL,NULL,NULL,'2013-05-16 17:09:11',0),(138,136,136,'9273354121_R02C01.gtc','9273354121_R02C01.gtc',0,7,NULL,NULL,NULL,NULL,'b3428424be62ba72dece5883e7d00e5c',NULL,'2013-05-16 17:09:11',1),(139,139,0,'9273354121_R01C02.gtc','9273354121_R01C02_gtc',0,NULL,NULL,NULL,NULL,NULL,NULL,NULL,'2013-05-16 17:09:11',0),(140,139,139,'9273354121_R01C02.gtc','9273354121_R01C02.gtc',0,NULL,NULL,NULL,NULL,NULL,NULL,NULL,'2013-05-16 17:09:11',0),(141,139,139,'9273354121_R01C02.gtc','9273354121_R01C02.gtc',0,7,NULL,NULL,NULL,NULL,'f97a42b5a3d1712de8977b3896248323',NULL,'2013-05-16 17:09:11',1),(142,142,0,'9273354121_R01C01.gtc','9273354121_R01C01_gtc',0,NULL,NULL,NULL,NULL,NULL,NULL,NULL,'2013-05-16 17:09:11',0),(143,142,142,'9273354121_R01C01.gtc','9273354121_R01C01.gtc',0,NULL,NULL,NULL,NULL,NULL,NULL,NULL,'2013-05-16 17:09:11',0),(144,142,142,'9273354121_R01C01.gtc','9273354121_R01C01.gtc',0,7,NULL,NULL,NULL,NULL,'d0d618abedc178d0a1824a9e8d205db4',NULL,'2013-05-16 17:09:11',1);
/*!40000 ALTER TABLE `file` ENABLE KEYS */;
UNLOCK TABLES;

--
-- Table structure for table `image`
--

DROP TABLE IF EXISTS `image`;
SET @saved_cs_client     = @@character_set_client;
SET character_set_client = utf8;
CREATE TABLE `image` (
  `image_id` mediumint(8) unsigned NOT NULL auto_increment,
  `mapstats_id` mediumint(8) unsigned NOT NULL default '0',
  `name` varchar(255) NOT NULL default '',
  `caption` varchar(40) default NULL,
  `image` mediumblob,
  PRIMARY KEY  (`image_id`),
  KEY `mapstats_id` (`mapstats_id`)
) ENGINE=InnoDB DEFAULT CHARSET=latin1;
SET character_set_client = @saved_cs_client;

--
-- Dumping data for table `image`
--

LOCK TABLES `image` WRITE;
/*!40000 ALTER TABLE `image` DISABLE KEYS */;
/*!40000 ALTER TABLE `image` ENABLE KEYS */;
UNLOCK TABLES;

--
-- Table structure for table `individual`
--

DROP TABLE IF EXISTS `individual`;
SET @saved_cs_client     = @@character_set_client;
SET character_set_client = utf8;
CREATE TABLE `individual` (
  `individual_id` smallint(5) unsigned NOT NULL auto_increment,
  `name` varchar(255) NOT NULL default '',
  `hierarchy_name` varchar(255) NOT NULL default '',
  `alias` varchar(40) NOT NULL default '',
  `sex` enum('M','F','unknown') default 'unknown',
  `acc` varchar(40) default NULL,
  `species_id` smallint(5) unsigned default NULL,
  `population_id` smallint(5) unsigned default NULL,
  PRIMARY KEY  (`individual_id`),
  UNIQUE KEY `name` (`name`),
  UNIQUE KEY `hierarchy_name` (`hierarchy_name`)
) ENGINE=InnoDB DEFAULT CHARSET=latin1;
SET character_set_client = @saved_cs_client;

--
-- Dumping data for table `individual`
--

LOCK TABLES `individual` WRITE;
/*!40000 ALTER TABLE `individual` DISABLE KEYS */;
INSERT INTO `individual` VALUES (1,'HAPMAP5265740','HAPMAP5265740','','unknown','NA11992',1,1),(2,'hipscigt5466711','hipscigt5466711','','unknown','D18.1',1,1),(3,'HAPMAP5265739','HAPMAP5265739','','unknown','NA12156',1,1),(4,'hipscigt5466710','hipscigt5466710','','unknown','D13.4',1,1),(5,'HAPMAP5265738','HAPMAP5265738','','unknown','NA12707',1,1),(6,'hipscigt5466709','hipscigt5466709','','unknown','D13.3',1,1),(7,'HAPMAP5265736','HAPMAP5265736','','unknown','NA07348',1,1),(8,'hipscigt5466708','hipscigt5466708','','unknown','D13.2',1,1),(9,'HAPMAP5265735','HAPMAP5265735','','unknown','NA12760',1,1),(10,'hipscigt5466707','hipscigt5466707','','unknown','D13.1',1,1),(11,'hipscigt5466712','hipscigt5466712','','unknown','D18.2',1,1),(12,'hipscigt5466706','hipscigt5466706','','unknown','RV Bob',1,1),(13,'HAPMAP5265746','HAPMAP5265746','','unknown','NA11839',1,1),(14,'HAPMAP5265745','HAPMAP5265745','','unknown','NA12146',1,1),(15,'HAPMAP5265744','HAPMAP5265744','','unknown','NA12750',1,1),(16,'HAPMAP5265743','HAPMAP5265743','','unknown','NA11993',1,1),(17,'HAPMAP5265741','HAPMAP5265741','','unknown','NA12239',1,1),(18,'HAPMAP5265758','HAPMAP5265758','','unknown','NA12874',1,1),(19,'HAPMAP5265752','HAPMAP5265752','','unknown','NA11831',1,1),(20,'HAPMAP5265757','HAPMAP5265757','','unknown','NA12762',1,1),(21,'HAPMAP5265751','HAPMAP5265751','','unknown','NA06985',1,1),(22,'HAPMAP5265756','HAPMAP5265756','','unknown','NA07022',1,1),(23,'HAPMAP5265750','HAPMAP5265750','','unknown','NA10856',1,1),(24,'HAPMAP5265755','HAPMAP5265755','','unknown','NA07056',1,1),(25,'HAPMAP5265749','HAPMAP5265749','','unknown','NA12154',1,1),(26,'HAPMAP5265754','HAPMAP5265754','','unknown','NA10859',1,1),(27,'HAPMAP5265748','HAPMAP5265748','','unknown','NA11829',1,1),(28,'HAPMAP5265753','HAPMAP5265753','','unknown','NA12003',1,1),(29,'HAPMAP5265747','HAPMAP5265747','','unknown','NA12156',1,1),(30,'HAPMAP5265734','HAPMAP5265734','','unknown','NA12716',1,1),(31,'HAPMAP5265733','HAPMAP5265733','','unknown','NA06993',1,1),(32,'HAPMAP5265732','HAPMAP5265732','','unknown','NA12044',1,1),(33,'HAPMAP5265731','HAPMAP5265731','','unknown','NA12875',1,1),(34,'HAPMAP5265730','HAPMAP5265730','','unknown','NA12753',1,1);
/*!40000 ALTER TABLE `individual` ENABLE KEYS */;
UNLOCK TABLES;

--
-- Table structure for table `lane`
--

DROP TABLE IF EXISTS `lane`;
SET @saved_cs_client     = @@character_set_client;
SET character_set_client = utf8;
CREATE TABLE `lane` (
  `row_id` int(10) unsigned NOT NULL auto_increment,
  `lane_id` mediumint(8) unsigned NOT NULL default '0',
  `library_id` smallint(5) unsigned NOT NULL default '0',
  `seq_request_id` mediumint(8) unsigned NOT NULL default '0',
  `name` varchar(255) NOT NULL default '',
  `hierarchy_name` varchar(255) NOT NULL default '',
  `acc` varchar(40) default NULL,
  `readlen` smallint(5) unsigned default NULL,
  `paired` tinyint(1) default NULL,
  `raw_reads` bigint(20) unsigned default NULL,
  `raw_bases` bigint(20) unsigned default NULL,
  `npg_qc_status` enum('pending','pass','fail','-') default 'pending',
  `processed` int(10) default '0',
  `auto_qc_status` enum('no_qc','passed','failed') default 'no_qc',
  `qc_status` enum('no_qc','pending','passed','failed','gt_pending','investigate') default 'no_qc',
  `gt_status` enum('unchecked','confirmed','wrong','unconfirmed','candidate','unknown','swapped') default 'unchecked',
  `submission_id` smallint(5) unsigned default NULL,
  `withdrawn` tinyint(1) default NULL,
  `note_id` mediumint(8) unsigned default NULL,
  `changed` datetime NOT NULL default '0000-00-00 00:00:00',
  `run_date` datetime default NULL,
  `storage_path` varchar(255) default NULL,
  `latest` tinyint(1) default '0',
  PRIMARY KEY  (`row_id`),
  KEY `lane_id` (`lane_id`),
  KEY `lanename` (`name`),
  KEY `library_id` (`library_id`),
  KEY `hierarchy_name` (`hierarchy_name`)
) ENGINE=InnoDB DEFAULT CHARSET=latin1;
SET character_set_client = @saved_cs_client;

--
-- Dumping data for table `lane`
--

LOCK TABLES `lane` WRITE;
/*!40000 ALTER TABLE `lane` DISABLE KEYS */;
INSERT INTO `lane` VALUES (1,1,0,0,'9274735028_R06C02','9274735028_R06C02',NULL,NULL,NULL,NULL,NULL,'pending',0,'no_qc','no_qc','unchecked',NULL,NULL,NULL,'2013-05-16 17:09:04',NULL,NULL,0),(2,1,1,0,'9274735028_R06C02','9274735028_R06C02',NULL,NULL,NULL,NULL,NULL,'pending',0,'no_qc','no_qc','unchecked',NULL,NULL,NULL,'2013-05-16 17:09:04',NULL,NULL,0),(3,1,1,0,'9274735028_R06C02','9274735028_R06C02','b37c6db3-c2bb-40db-aa1b-48340681ebe1',NULL,0,0,0,'pending',0,'no_qc','no_qc','unchecked',NULL,1,NULL,'2013-05-16 17:09:04',NULL,'/lustre/scratch105/vrpipe/refs/hipsci/resources/genotyping/b37c6db3-c2bb-40db-aa1b-48340681ebe1_pilot_genotyping.fcr.txt.gz',1),(4,4,0,0,'9274735028_R06C01','9274735028_R06C01',NULL,NULL,NULL,NULL,NULL,'pending',0,'no_qc','no_qc','unchecked',NULL,NULL,NULL,'2013-05-16 17:09:04',NULL,NULL,0),(5,4,5,0,'9274735028_R06C01','9274735028_R06C01',NULL,NULL,NULL,NULL,NULL,'pending',0,'no_qc','no_qc','unchecked',NULL,NULL,NULL,'2013-05-16 17:09:04',NULL,NULL,0),(6,4,5,0,'9274735028_R06C01','9274735028_R06C01','b37c6db3-c2bb-40db-aa1b-48340681ebe1',NULL,0,0,0,'pending',0,'no_qc','no_qc','unchecked',NULL,NULL,NULL,'2013-05-16 17:09:05',NULL,'/lustre/scratch105/vrpipe/refs/hipsci/resources/genotyping/b37c6db3-c2bb-40db-aa1b-48340681ebe1_pilot_genotyping.fcr.txt.gz',1),(7,7,0,0,'9274735028_R05C02','9274735028_R05C02',NULL,NULL,NULL,NULL,NULL,'pending',0,'no_qc','no_qc','unchecked',NULL,NULL,NULL,'2013-05-16 17:09:05',NULL,NULL,0),(8,7,9,0,'9274735028_R05C02','9274735028_R05C02',NULL,NULL,NULL,NULL,NULL,'pending',0,'no_qc','no_qc','unchecked',NULL,NULL,NULL,'2013-05-16 17:09:05',NULL,NULL,0),(9,7,9,0,'9274735028_R05C02','9274735028_R05C02','b37c6db3-c2bb-40db-aa1b-48340681ebe1',NULL,0,0,0,'pending',0,'no_qc','no_qc','unchecked',NULL,1,NULL,'2013-05-16 17:09:05',NULL,'/lustre/scratch105/vrpipe/refs/hipsci/resources/genotyping/b37c6db3-c2bb-40db-aa1b-48340681ebe1_pilot_genotyping.fcr.txt.gz',1),(10,10,0,0,'9274735028_R05C01','9274735028_R05C01',NULL,NULL,NULL,NULL,NULL,'pending',0,'no_qc','no_qc','unchecked',NULL,NULL,NULL,'2013-05-16 17:09:05',NULL,NULL,0),(11,10,13,0,'9274735028_R05C01','9274735028_R05C01',NULL,NULL,NULL,NULL,NULL,'pending',0,'no_qc','no_qc','unchecked',NULL,NULL,NULL,'2013-05-16 17:09:05',NULL,NULL,0),(12,10,13,0,'9274735028_R05C01','9274735028_R05C01','b37c6db3-c2bb-40db-aa1b-48340681ebe1',NULL,0,0,0,'pending',0,'no_qc','no_qc','unchecked',NULL,NULL,NULL,'2013-05-16 17:09:05',NULL,'/lustre/scratch105/vrpipe/refs/hipsci/resources/genotyping/b37c6db3-c2bb-40db-aa1b-48340681ebe1_pilot_genotyping.fcr.txt.gz',1),(13,13,0,0,'9274735028_R04C02','9274735028_R04C02',NULL,NULL,NULL,NULL,NULL,'pending',0,'no_qc','no_qc','unchecked',NULL,NULL,NULL,'2013-05-16 17:09:05',NULL,NULL,0),(14,13,17,0,'9274735028_R04C02','9274735028_R04C02',NULL,NULL,NULL,NULL,NULL,'pending',0,'no_qc','no_qc','unchecked',NULL,NULL,NULL,'2013-05-16 17:09:05',NULL,NULL,0),(15,13,17,0,'9274735028_R04C02','9274735028_R04C02','b37c6db3-c2bb-40db-aa1b-48340681ebe1',NULL,0,0,0,'pending',0,'no_qc','no_qc','unchecked',NULL,1,NULL,'2013-05-16 17:09:05',NULL,'/lustre/scratch105/vrpipe/refs/hipsci/resources/genotyping/b37c6db3-c2bb-40db-aa1b-48340681ebe1_pilot_genotyping.fcr.txt.gz',1),(16,16,0,0,'9274735028_R04C01','9274735028_R04C01',NULL,NULL,NULL,NULL,NULL,'pending',0,'no_qc','no_qc','unchecked',NULL,NULL,NULL,'2013-05-16 17:09:05',NULL,NULL,0),(17,16,21,0,'9274735028_R04C01','9274735028_R04C01',NULL,NULL,NULL,NULL,NULL,'pending',0,'no_qc','no_qc','unchecked',NULL,NULL,NULL,'2013-05-16 17:09:05',NULL,NULL,0),(18,16,21,0,'9274735028_R04C01','9274735028_R04C01','b37c6db3-c2bb-40db-aa1b-48340681ebe1',NULL,0,0,0,'pending',0,'no_qc','no_qc','unchecked',NULL,NULL,NULL,'2013-05-16 17:09:05',NULL,'/lustre/scratch105/vrpipe/refs/hipsci/resources/genotyping/b37c6db3-c2bb-40db-aa1b-48340681ebe1_pilot_genotyping.fcr.txt.gz',1),(19,19,0,0,'9274735028_R03C02','9274735028_R03C02',NULL,NULL,NULL,NULL,NULL,'pending',0,'no_qc','no_qc','unchecked',NULL,NULL,NULL,'2013-05-16 17:09:05',NULL,NULL,0),(20,19,25,0,'9274735028_R03C02','9274735028_R03C02',NULL,NULL,NULL,NULL,NULL,'pending',0,'no_qc','no_qc','unchecked',NULL,NULL,NULL,'2013-05-16 17:09:05',NULL,NULL,0),(21,19,25,0,'9274735028_R03C02','9274735028_R03C02','b37c6db3-c2bb-40db-aa1b-48340681ebe1',NULL,0,0,0,'pending',0,'no_qc','no_qc','unchecked',NULL,1,NULL,'2013-05-16 17:09:05',NULL,'/lustre/scratch105/vrpipe/refs/hipsci/resources/genotyping/b37c6db3-c2bb-40db-aa1b-48340681ebe1_pilot_genotyping.fcr.txt.gz',1),(22,22,0,0,'9274735028_R03C01','9274735028_R03C01',NULL,NULL,NULL,NULL,NULL,'pending',0,'no_qc','no_qc','unchecked',NULL,NULL,NULL,'2013-05-16 17:09:05',NULL,NULL,0),(23,22,29,0,'9274735028_R03C01','9274735028_R03C01',NULL,NULL,NULL,NULL,NULL,'pending',0,'no_qc','no_qc','unchecked',NULL,NULL,NULL,'2013-05-16 17:09:05',NULL,NULL,0),(24,22,29,0,'9274735028_R03C01','9274735028_R03C01','b37c6db3-c2bb-40db-aa1b-48340681ebe1',NULL,0,0,0,'pending',0,'no_qc','no_qc','unchecked',NULL,NULL,NULL,'2013-05-16 17:09:05',NULL,'/lustre/scratch105/vrpipe/refs/hipsci/resources/genotyping/b37c6db3-c2bb-40db-aa1b-48340681ebe1_pilot_genotyping.fcr.txt.gz',1),(25,25,0,0,'9274735028_R02C02','9274735028_R02C02',NULL,NULL,NULL,NULL,NULL,'pending',0,'no_qc','no_qc','unchecked',NULL,NULL,NULL,'2013-05-16 17:09:05',NULL,NULL,0),(26,25,33,0,'9274735028_R02C02','9274735028_R02C02',NULL,NULL,NULL,NULL,NULL,'pending',0,'no_qc','no_qc','unchecked',NULL,NULL,NULL,'2013-05-16 17:09:05',NULL,NULL,0),(27,25,33,0,'9274735028_R02C02','9274735028_R02C02','b37c6db3-c2bb-40db-aa1b-48340681ebe1',NULL,0,0,0,'pending',0,'no_qc','no_qc','unchecked',NULL,1,NULL,'2013-05-16 17:09:05',NULL,'/lustre/scratch105/vrpipe/refs/hipsci/resources/genotyping/b37c6db3-c2bb-40db-aa1b-48340681ebe1_pilot_genotyping.fcr.txt.gz',1),(28,28,0,0,'9274735028_R02C01','9274735028_R02C01',NULL,NULL,NULL,NULL,NULL,'pending',0,'no_qc','no_qc','unchecked',NULL,NULL,NULL,'2013-05-16 17:09:05',NULL,NULL,0),(29,28,37,0,'9274735028_R02C01','9274735028_R02C01',NULL,NULL,NULL,NULL,NULL,'pending',0,'no_qc','no_qc','unchecked',NULL,NULL,NULL,'2013-05-16 17:09:05',NULL,NULL,0),(30,28,37,0,'9274735028_R02C01','9274735028_R02C01','b37c6db3-c2bb-40db-aa1b-48340681ebe1',NULL,0,0,0,'pending',0,'no_qc','no_qc','unchecked',NULL,NULL,NULL,'2013-05-16 17:09:05',NULL,'/lustre/scratch105/vrpipe/refs/hipsci/resources/genotyping/b37c6db3-c2bb-40db-aa1b-48340681ebe1_pilot_genotyping.fcr.txt.gz',1),(31,31,0,0,'9274735028_R01C02','9274735028_R01C02',NULL,NULL,NULL,NULL,NULL,'pending',0,'no_qc','no_qc','unchecked',NULL,NULL,NULL,'2013-05-16 17:09:05',NULL,NULL,0),(32,31,41,0,'9274735028_R01C02','9274735028_R01C02',NULL,NULL,NULL,NULL,NULL,'pending',0,'no_qc','no_qc','unchecked',NULL,NULL,NULL,'2013-05-16 17:09:05',NULL,NULL,0),(33,31,41,0,'9274735028_R01C02','9274735028_R01C02','b37c6db3-c2bb-40db-aa1b-48340681ebe1',NULL,0,0,0,'pending',0,'no_qc','no_qc','unchecked',NULL,1,NULL,'2013-05-16 17:09:05',NULL,'/lustre/scratch105/vrpipe/refs/hipsci/resources/genotyping/b37c6db3-c2bb-40db-aa1b-48340681ebe1_pilot_genotyping.fcr.txt.gz',1),(34,34,0,0,'9274735028_R01C01','9274735028_R01C01',NULL,NULL,NULL,NULL,NULL,'pending',0,'no_qc','no_qc','unchecked',NULL,NULL,NULL,'2013-05-16 17:09:06',NULL,NULL,0),(35,34,45,0,'9274735028_R01C01','9274735028_R01C01',NULL,NULL,NULL,NULL,NULL,'pending',0,'no_qc','no_qc','unchecked',NULL,NULL,NULL,'2013-05-16 17:09:06',NULL,NULL,0),(36,34,45,0,'9274735028_R01C01','9274735028_R01C01','b37c6db3-c2bb-40db-aa1b-48340681ebe1',NULL,0,0,0,'pending',0,'no_qc','no_qc','unchecked',NULL,1,NULL,'2013-05-16 17:09:06',NULL,'/lustre/scratch105/vrpipe/refs/hipsci/resources/genotyping/b37c6db3-c2bb-40db-aa1b-48340681ebe1_pilot_genotyping.fcr.txt.gz',1),(37,37,0,0,'9273354128_R06C02','9273354128_R06C02',NULL,NULL,NULL,NULL,NULL,'pending',0,'no_qc','no_qc','unchecked',NULL,NULL,NULL,'2013-05-16 17:09:06',NULL,NULL,0),(38,37,49,0,'9273354128_R06C02','9273354128_R06C02',NULL,NULL,NULL,NULL,NULL,'pending',0,'no_qc','no_qc','unchecked',NULL,NULL,NULL,'2013-05-16 17:09:06',NULL,NULL,0),(39,37,49,0,'9273354128_R06C02','9273354128_R06C02','b37c6db3-c2bb-40db-aa1b-48340681ebe1',NULL,0,0,0,'pending',0,'no_qc','no_qc','unchecked',NULL,1,NULL,'2013-05-16 17:09:06',NULL,'/lustre/scratch105/vrpipe/refs/hipsci/resources/genotyping/b37c6db3-c2bb-40db-aa1b-48340681ebe1_pilot_genotyping.fcr.txt.gz',1),(40,40,0,0,'9273354128_R06C01','9273354128_R06C01',NULL,NULL,NULL,NULL,NULL,'pending',0,'no_qc','no_qc','unchecked',NULL,NULL,NULL,'2013-05-16 17:09:06',NULL,NULL,0),(41,40,53,0,'9273354128_R06C01','9273354128_R06C01',NULL,NULL,NULL,NULL,NULL,'pending',0,'no_qc','no_qc','unchecked',NULL,NULL,NULL,'2013-05-16 17:09:06',NULL,NULL,0),(42,40,53,0,'9273354128_R06C01','9273354128_R06C01','b37c6db3-c2bb-40db-aa1b-48340681ebe1',NULL,0,0,0,'pending',0,'no_qc','no_qc','unchecked',NULL,1,NULL,'2013-05-16 17:09:06',NULL,'/lustre/scratch105/vrpipe/refs/hipsci/resources/genotyping/b37c6db3-c2bb-40db-aa1b-48340681ebe1_pilot_genotyping.fcr.txt.gz',1),(43,43,0,0,'9273354128_R05C02','9273354128_R05C02',NULL,NULL,NULL,NULL,NULL,'pending',0,'no_qc','no_qc','unchecked',NULL,NULL,NULL,'2013-05-16 17:09:06',NULL,NULL,0),(44,43,57,0,'9273354128_R05C02','9273354128_R05C02',NULL,NULL,NULL,NULL,NULL,'pending',0,'no_qc','no_qc','unchecked',NULL,NULL,NULL,'2013-05-16 17:09:06',NULL,NULL,0),(45,43,57,0,'9273354128_R05C02','9273354128_R05C02','b37c6db3-c2bb-40db-aa1b-48340681ebe1',NULL,0,0,0,'pending',0,'no_qc','no_qc','unchecked',NULL,1,NULL,'2013-05-16 17:09:06',NULL,'/lustre/scratch105/vrpipe/refs/hipsci/resources/genotyping/b37c6db3-c2bb-40db-aa1b-48340681ebe1_pilot_genotyping.fcr.txt.gz',1),(46,46,0,0,'9273354128_R05C01','9273354128_R05C01',NULL,NULL,NULL,NULL,NULL,'pending',0,'no_qc','no_qc','unchecked',NULL,NULL,NULL,'2013-05-16 17:09:06',NULL,NULL,0),(47,46,61,0,'9273354128_R05C01','9273354128_R05C01',NULL,NULL,NULL,NULL,NULL,'pending',0,'no_qc','no_qc','unchecked',NULL,NULL,NULL,'2013-05-16 17:09:06',NULL,NULL,0),(48,46,61,0,'9273354128_R05C01','9273354128_R05C01','b37c6db3-c2bb-40db-aa1b-48340681ebe1',NULL,0,0,0,'pending',0,'no_qc','no_qc','unchecked',NULL,1,NULL,'2013-05-16 17:09:06',NULL,'/lustre/scratch105/vrpipe/refs/hipsci/resources/genotyping/b37c6db3-c2bb-40db-aa1b-48340681ebe1_pilot_genotyping.fcr.txt.gz',1),(49,49,0,0,'9273354128_R04C02','9273354128_R04C02',NULL,NULL,NULL,NULL,NULL,'pending',0,'no_qc','no_qc','unchecked',NULL,NULL,NULL,'2013-05-16 17:09:06',NULL,NULL,0),(50,49,65,0,'9273354128_R04C02','9273354128_R04C02',NULL,NULL,NULL,NULL,NULL,'pending',0,'no_qc','no_qc','unchecked',NULL,NULL,NULL,'2013-05-16 17:09:06',NULL,NULL,0),(51,49,65,0,'9273354128_R04C02','9273354128_R04C02','b37c6db3-c2bb-40db-aa1b-48340681ebe1',NULL,0,0,0,'pending',0,'no_qc','no_qc','unchecked',NULL,1,NULL,'2013-05-16 17:09:06',NULL,'/lustre/scratch105/vrpipe/refs/hipsci/resources/genotyping/b37c6db3-c2bb-40db-aa1b-48340681ebe1_pilot_genotyping.fcr.txt.gz',1),(52,52,0,0,'9273354128_R04C01','9273354128_R04C01',NULL,NULL,NULL,NULL,NULL,'pending',0,'no_qc','no_qc','unchecked',NULL,NULL,NULL,'2013-05-16 17:09:06',NULL,NULL,0),(53,52,69,0,'9273354128_R04C01','9273354128_R04C01',NULL,NULL,NULL,NULL,NULL,'pending',0,'no_qc','no_qc','unchecked',NULL,NULL,NULL,'2013-05-16 17:09:06',NULL,NULL,0),(54,52,69,0,'9273354128_R04C01','9273354128_R04C01','b37c6db3-c2bb-40db-aa1b-48340681ebe1',NULL,0,0,0,'pending',0,'no_qc','no_qc','unchecked',NULL,1,NULL,'2013-05-16 17:09:06',NULL,'/lustre/scratch105/vrpipe/refs/hipsci/resources/genotyping/b37c6db3-c2bb-40db-aa1b-48340681ebe1_pilot_genotyping.fcr.txt.gz',1),(55,55,0,0,'9273354128_R03C02','9273354128_R03C02',NULL,NULL,NULL,NULL,NULL,'pending',0,'no_qc','no_qc','unchecked',NULL,NULL,NULL,'2013-05-16 17:09:06',NULL,NULL,0),(56,55,73,0,'9273354128_R03C02','9273354128_R03C02',NULL,NULL,NULL,NULL,NULL,'pending',0,'no_qc','no_qc','unchecked',NULL,NULL,NULL,'2013-05-16 17:09:06',NULL,NULL,0),(57,55,73,0,'9273354128_R03C02','9273354128_R03C02','b37c6db3-c2bb-40db-aa1b-48340681ebe1',NULL,0,0,0,'pending',0,'no_qc','no_qc','unchecked',NULL,1,NULL,'2013-05-16 17:09:06',NULL,'/lustre/scratch105/vrpipe/refs/hipsci/resources/genotyping/b37c6db3-c2bb-40db-aa1b-48340681ebe1_pilot_genotyping.fcr.txt.gz',1),(58,58,0,0,'9273354128_R03C01','9273354128_R03C01',NULL,NULL,NULL,NULL,NULL,'pending',0,'no_qc','no_qc','unchecked',NULL,NULL,NULL,'2013-05-16 17:09:06',NULL,NULL,0),(59,58,77,0,'9273354128_R03C01','9273354128_R03C01',NULL,NULL,NULL,NULL,NULL,'pending',0,'no_qc','no_qc','unchecked',NULL,NULL,NULL,'2013-05-16 17:09:06',NULL,NULL,0),(60,58,77,0,'9273354128_R03C01','9273354128_R03C01','b37c6db3-c2bb-40db-aa1b-48340681ebe1',NULL,0,0,0,'pending',0,'no_qc','no_qc','unchecked',NULL,1,NULL,'2013-05-16 17:09:06',NULL,'/lustre/scratch105/vrpipe/refs/hipsci/resources/genotyping/b37c6db3-c2bb-40db-aa1b-48340681ebe1_pilot_genotyping.fcr.txt.gz',1),(61,61,0,0,'9273354128_R02C02','9273354128_R02C02',NULL,NULL,NULL,NULL,NULL,'pending',0,'no_qc','no_qc','unchecked',NULL,NULL,NULL,'2013-05-16 17:09:07',NULL,NULL,0),(62,61,81,0,'9273354128_R02C02','9273354128_R02C02',NULL,NULL,NULL,NULL,NULL,'pending',0,'no_qc','no_qc','unchecked',NULL,NULL,NULL,'2013-05-16 17:09:07',NULL,NULL,0),(63,61,81,0,'9273354128_R02C02','9273354128_R02C02','b37c6db3-c2bb-40db-aa1b-48340681ebe1',NULL,0,0,0,'pending',0,'no_qc','no_qc','unchecked',NULL,1,NULL,'2013-05-16 17:09:07',NULL,'/lustre/scratch105/vrpipe/refs/hipsci/resources/genotyping/b37c6db3-c2bb-40db-aa1b-48340681ebe1_pilot_genotyping.fcr.txt.gz',1),(64,64,0,0,'9273354128_R02C01','9273354128_R02C01',NULL,NULL,NULL,NULL,NULL,'pending',0,'no_qc','no_qc','unchecked',NULL,NULL,NULL,'2013-05-16 17:09:07',NULL,NULL,0),(65,64,85,0,'9273354128_R02C01','9273354128_R02C01',NULL,NULL,NULL,NULL,NULL,'pending',0,'no_qc','no_qc','unchecked',NULL,NULL,NULL,'2013-05-16 17:09:07',NULL,NULL,0),(66,64,85,0,'9273354128_R02C01','9273354128_R02C01','b37c6db3-c2bb-40db-aa1b-48340681ebe1',NULL,0,0,0,'pending',0,'no_qc','no_qc','unchecked',NULL,1,NULL,'2013-05-16 17:09:07',NULL,'/lustre/scratch105/vrpipe/refs/hipsci/resources/genotyping/b37c6db3-c2bb-40db-aa1b-48340681ebe1_pilot_genotyping.fcr.txt.gz',1),(67,67,0,0,'9273354128_R01C02','9273354128_R01C02',NULL,NULL,NULL,NULL,NULL,'pending',0,'no_qc','no_qc','unchecked',NULL,NULL,NULL,'2013-05-16 17:09:07',NULL,NULL,0),(68,67,89,0,'9273354128_R01C02','9273354128_R01C02',NULL,NULL,NULL,NULL,NULL,'pending',0,'no_qc','no_qc','unchecked',NULL,NULL,NULL,'2013-05-16 17:09:07',NULL,NULL,0),(69,67,89,0,'9273354128_R01C02','9273354128_R01C02','b37c6db3-c2bb-40db-aa1b-48340681ebe1',NULL,0,0,0,'pending',0,'no_qc','no_qc','unchecked',NULL,1,NULL,'2013-05-16 17:09:07',NULL,'/lustre/scratch105/vrpipe/refs/hipsci/resources/genotyping/b37c6db3-c2bb-40db-aa1b-48340681ebe1_pilot_genotyping.fcr.txt.gz',1),(70,70,0,0,'9273354128_R01C01','9273354128_R01C01',NULL,NULL,NULL,NULL,NULL,'pending',0,'no_qc','no_qc','unchecked',NULL,NULL,NULL,'2013-05-16 17:09:07',NULL,NULL,0),(71,70,93,0,'9273354128_R01C01','9273354128_R01C01',NULL,NULL,NULL,NULL,NULL,'pending',0,'no_qc','no_qc','unchecked',NULL,NULL,NULL,'2013-05-16 17:09:07',NULL,NULL,0),(72,70,93,0,'9273354128_R01C01','9273354128_R01C01','b37c6db3-c2bb-40db-aa1b-48340681ebe1',NULL,0,0,0,'pending',0,'no_qc','no_qc','unchecked',NULL,1,NULL,'2013-05-16 17:09:07',NULL,'/lustre/scratch105/vrpipe/refs/hipsci/resources/genotyping/b37c6db3-c2bb-40db-aa1b-48340681ebe1_pilot_genotyping.fcr.txt.gz',1),(73,73,0,0,'9273354127_R06C02','9273354127_R06C02',NULL,NULL,NULL,NULL,NULL,'pending',0,'no_qc','no_qc','unchecked',NULL,NULL,NULL,'2013-05-16 17:09:07',NULL,NULL,0),(74,73,97,0,'9273354127_R06C02','9273354127_R06C02',NULL,NULL,NULL,NULL,NULL,'pending',0,'no_qc','no_qc','unchecked',NULL,NULL,NULL,'2013-05-16 17:09:07',NULL,NULL,0),(75,73,97,0,'9273354127_R06C02','9273354127_R06C02','b37c6db3-c2bb-40db-aa1b-48340681ebe1',NULL,0,0,0,'pending',0,'no_qc','no_qc','unchecked',NULL,1,NULL,'2013-05-16 17:09:07',NULL,'/lustre/scratch105/vrpipe/refs/hipsci/resources/genotyping/b37c6db3-c2bb-40db-aa1b-48340681ebe1_pilot_genotyping.fcr.txt.gz',1),(76,76,0,0,'9273354127_R06C01','9273354127_R06C01',NULL,NULL,NULL,NULL,NULL,'pending',0,'no_qc','no_qc','unchecked',NULL,NULL,NULL,'2013-05-16 17:09:07',NULL,NULL,0),(77,76,101,0,'9273354127_R06C01','9273354127_R06C01',NULL,NULL,NULL,NULL,NULL,'pending',0,'no_qc','no_qc','unchecked',NULL,NULL,NULL,'2013-05-16 17:09:07',NULL,NULL,0),(78,76,101,0,'9273354127_R06C01','9273354127_R06C01','b37c6db3-c2bb-40db-aa1b-48340681ebe1',NULL,0,0,0,'pending',0,'no_qc','no_qc','unchecked',NULL,1,NULL,'2013-05-16 17:09:07',NULL,'/lustre/scratch105/vrpipe/refs/hipsci/resources/genotyping/b37c6db3-c2bb-40db-aa1b-48340681ebe1_pilot_genotyping.fcr.txt.gz',1),(79,79,0,0,'9273354127_R05C02','9273354127_R05C02',NULL,NULL,NULL,NULL,NULL,'pending',0,'no_qc','no_qc','unchecked',NULL,NULL,NULL,'2013-05-16 17:09:07',NULL,NULL,0),(80,79,105,0,'9273354127_R05C02','9273354127_R05C02',NULL,NULL,NULL,NULL,NULL,'pending',0,'no_qc','no_qc','unchecked',NULL,NULL,NULL,'2013-05-16 17:09:07',NULL,NULL,0),(81,79,105,0,'9273354127_R05C02','9273354127_R05C02','b37c6db3-c2bb-40db-aa1b-48340681ebe1',NULL,0,0,0,'pending',0,'no_qc','no_qc','unchecked',NULL,1,NULL,'2013-05-16 17:09:07',NULL,'/lustre/scratch105/vrpipe/refs/hipsci/resources/genotyping/b37c6db3-c2bb-40db-aa1b-48340681ebe1_pilot_genotyping.fcr.txt.gz',1),(82,82,0,0,'9273354127_R05C01','9273354127_R05C01',NULL,NULL,NULL,NULL,NULL,'pending',0,'no_qc','no_qc','unchecked',NULL,NULL,NULL,'2013-05-16 17:09:07',NULL,NULL,0),(83,82,109,0,'9273354127_R05C01','9273354127_R05C01',NULL,NULL,NULL,NULL,NULL,'pending',0,'no_qc','no_qc','unchecked',NULL,NULL,NULL,'2013-05-16 17:09:07',NULL,NULL,0),(84,82,109,0,'9273354127_R05C01','9273354127_R05C01','b37c6db3-c2bb-40db-aa1b-48340681ebe1',NULL,0,0,0,'pending',0,'no_qc','no_qc','unchecked',NULL,1,NULL,'2013-05-16 17:09:07',NULL,'/lustre/scratch105/vrpipe/refs/hipsci/resources/genotyping/b37c6db3-c2bb-40db-aa1b-48340681ebe1_pilot_genotyping.fcr.txt.gz',1),(85,85,0,0,'9273354127_R04C02','9273354127_R04C02',NULL,NULL,NULL,NULL,NULL,'pending',0,'no_qc','no_qc','unchecked',NULL,NULL,NULL,'2013-05-16 17:09:08',NULL,NULL,0),(86,85,113,0,'9273354127_R04C02','9273354127_R04C02',NULL,NULL,NULL,NULL,NULL,'pending',0,'no_qc','no_qc','unchecked',NULL,NULL,NULL,'2013-05-16 17:09:08',NULL,NULL,0),(87,85,113,0,'9273354127_R04C02','9273354127_R04C02','b37c6db3-c2bb-40db-aa1b-48340681ebe1',NULL,0,0,0,'pending',0,'no_qc','no_qc','unchecked',NULL,1,NULL,'2013-05-16 17:09:08',NULL,'/lustre/scratch105/vrpipe/refs/hipsci/resources/genotyping/b37c6db3-c2bb-40db-aa1b-48340681ebe1_pilot_genotyping.fcr.txt.gz',1),(88,88,0,0,'9273354127_R04C01','9273354127_R04C01',NULL,NULL,NULL,NULL,NULL,'pending',0,'no_qc','no_qc','unchecked',NULL,NULL,NULL,'2013-05-16 17:09:08',NULL,NULL,0),(89,88,117,0,'9273354127_R04C01','9273354127_R04C01',NULL,NULL,NULL,NULL,NULL,'pending',0,'no_qc','no_qc','unchecked',NULL,NULL,NULL,'2013-05-16 17:09:08',NULL,NULL,0),(90,88,117,0,'9273354127_R04C01','9273354127_R04C01','b37c6db3-c2bb-40db-aa1b-48340681ebe1',NULL,0,0,0,'pending',0,'no_qc','no_qc','unchecked',NULL,1,NULL,'2013-05-16 17:09:08',NULL,'/lustre/scratch105/vrpipe/refs/hipsci/resources/genotyping/b37c6db3-c2bb-40db-aa1b-48340681ebe1_pilot_genotyping.fcr.txt.gz',1),(91,91,0,0,'9273354127_R03C02','9273354127_R03C02',NULL,NULL,NULL,NULL,NULL,'pending',0,'no_qc','no_qc','unchecked',NULL,NULL,NULL,'2013-05-16 17:09:08',NULL,NULL,0),(92,91,121,0,'9273354127_R03C02','9273354127_R03C02',NULL,NULL,NULL,NULL,NULL,'pending',0,'no_qc','no_qc','unchecked',NULL,NULL,NULL,'2013-05-16 17:09:08',NULL,NULL,0),(93,91,121,0,'9273354127_R03C02','9273354127_R03C02','b37c6db3-c2bb-40db-aa1b-48340681ebe1',NULL,0,0,0,'pending',0,'no_qc','no_qc','unchecked',NULL,1,NULL,'2013-05-16 17:09:08',NULL,'/lustre/scratch105/vrpipe/refs/hipsci/resources/genotyping/b37c6db3-c2bb-40db-aa1b-48340681ebe1_pilot_genotyping.fcr.txt.gz',1),(94,94,0,0,'9273354127_R03C01','9273354127_R03C01',NULL,NULL,NULL,NULL,NULL,'pending',0,'no_qc','no_qc','unchecked',NULL,NULL,NULL,'2013-05-16 17:09:08',NULL,NULL,0),(95,94,125,0,'9273354127_R03C01','9273354127_R03C01',NULL,NULL,NULL,NULL,NULL,'pending',0,'no_qc','no_qc','unchecked',NULL,NULL,NULL,'2013-05-16 17:09:08',NULL,NULL,0),(96,94,125,0,'9273354127_R03C01','9273354127_R03C01','b37c6db3-c2bb-40db-aa1b-48340681ebe1',NULL,0,0,0,'pending',0,'no_qc','no_qc','unchecked',NULL,1,NULL,'2013-05-16 17:09:08',NULL,'/lustre/scratch105/vrpipe/refs/hipsci/resources/genotyping/b37c6db3-c2bb-40db-aa1b-48340681ebe1_pilot_genotyping.fcr.txt.gz',1),(97,97,0,0,'9273354127_R02C02','9273354127_R02C02',NULL,NULL,NULL,NULL,NULL,'pending',0,'no_qc','no_qc','unchecked',NULL,NULL,NULL,'2013-05-16 17:09:08',NULL,NULL,0),(98,97,129,0,'9273354127_R02C02','9273354127_R02C02',NULL,NULL,NULL,NULL,NULL,'pending',0,'no_qc','no_qc','unchecked',NULL,NULL,NULL,'2013-05-16 17:09:08',NULL,NULL,0),(99,97,129,0,'9273354127_R02C02','9273354127_R02C02','b37c6db3-c2bb-40db-aa1b-48340681ebe1',NULL,0,0,0,'pending',0,'no_qc','no_qc','unchecked',NULL,1,NULL,'2013-05-16 17:09:08',NULL,'/lustre/scratch105/vrpipe/refs/hipsci/resources/genotyping/b37c6db3-c2bb-40db-aa1b-48340681ebe1_pilot_genotyping.fcr.txt.gz',1),(100,100,0,0,'9273354127_R02C01','9273354127_R02C01',NULL,NULL,NULL,NULL,NULL,'pending',0,'no_qc','no_qc','unchecked',NULL,NULL,NULL,'2013-05-16 17:09:08',NULL,NULL,0),(101,100,133,0,'9273354127_R02C01','9273354127_R02C01',NULL,NULL,NULL,NULL,NULL,'pending',0,'no_qc','no_qc','unchecked',NULL,NULL,NULL,'2013-05-16 17:09:08',NULL,NULL,0),(102,100,133,0,'9273354127_R02C01','9273354127_R02C01','b37c6db3-c2bb-40db-aa1b-48340681ebe1',NULL,0,0,0,'pending',0,'no_qc','no_qc','unchecked',NULL,1,NULL,'2013-05-16 17:09:08',NULL,'/lustre/scratch105/vrpipe/refs/hipsci/resources/genotyping/b37c6db3-c2bb-40db-aa1b-48340681ebe1_pilot_genotyping.fcr.txt.gz',1),(103,103,0,0,'9273354127_R01C02','9273354127_R01C02',NULL,NULL,NULL,NULL,NULL,'pending',0,'no_qc','no_qc','unchecked',NULL,NULL,NULL,'2013-05-16 17:09:08',NULL,NULL,0),(104,103,137,0,'9273354127_R01C02','9273354127_R01C02',NULL,NULL,NULL,NULL,NULL,'pending',0,'no_qc','no_qc','unchecked',NULL,NULL,NULL,'2013-05-16 17:09:08',NULL,NULL,0),(105,103,137,0,'9273354127_R01C02','9273354127_R01C02','b37c6db3-c2bb-40db-aa1b-48340681ebe1',NULL,0,0,0,'pending',0,'no_qc','no_qc','unchecked',NULL,1,NULL,'2013-05-16 17:09:08',NULL,'/lustre/scratch105/vrpipe/refs/hipsci/resources/genotyping/b37c6db3-c2bb-40db-aa1b-48340681ebe1_pilot_genotyping.fcr.txt.gz',1),(106,106,0,0,'9273354127_R01C01','9273354127_R01C01',NULL,NULL,NULL,NULL,NULL,'pending',0,'no_qc','no_qc','unchecked',NULL,NULL,NULL,'2013-05-16 17:09:09',NULL,NULL,0),(107,106,141,0,'9273354127_R01C01','9273354127_R01C01',NULL,NULL,NULL,NULL,NULL,'pending',0,'no_qc','no_qc','unchecked',NULL,NULL,NULL,'2013-05-16 17:09:09',NULL,NULL,0),(108,106,141,0,'9273354127_R01C01','9273354127_R01C01','b37c6db3-c2bb-40db-aa1b-48340681ebe1',NULL,0,0,0,'pending',0,'no_qc','no_qc','unchecked',NULL,1,NULL,'2013-05-16 17:09:09',NULL,'/lustre/scratch105/vrpipe/refs/hipsci/resources/genotyping/b37c6db3-c2bb-40db-aa1b-48340681ebe1_pilot_genotyping.fcr.txt.gz',1),(109,109,0,0,'9273354121_R06C02','9273354121_R06C02',NULL,NULL,NULL,NULL,NULL,'pending',0,'no_qc','no_qc','unchecked',NULL,NULL,NULL,'2013-05-16 17:09:09',NULL,NULL,0),(110,109,145,0,'9273354121_R06C02','9273354121_R06C02',NULL,NULL,NULL,NULL,NULL,'pending',0,'no_qc','no_qc','unchecked',NULL,NULL,NULL,'2013-05-16 17:09:09',NULL,NULL,0),(111,109,145,0,'9273354121_R06C02','9273354121_R06C02','b37c6db3-c2bb-40db-aa1b-48340681ebe1',NULL,0,0,0,'pending',0,'no_qc','no_qc','unchecked',NULL,1,NULL,'2013-05-16 17:09:09',NULL,'/lustre/scratch105/vrpipe/refs/hipsci/resources/genotyping/b37c6db3-c2bb-40db-aa1b-48340681ebe1_pilot_genotyping.fcr.txt.gz',1),(112,112,0,0,'9273354121_R06C01','9273354121_R06C01',NULL,NULL,NULL,NULL,NULL,'pending',0,'no_qc','no_qc','unchecked',NULL,NULL,NULL,'2013-05-16 17:09:09',NULL,NULL,0),(113,112,149,0,'9273354121_R06C01','9273354121_R06C01',NULL,NULL,NULL,NULL,NULL,'pending',0,'no_qc','no_qc','unchecked',NULL,NULL,NULL,'2013-05-16 17:09:09',NULL,NULL,0),(114,112,149,0,'9273354121_R06C01','9273354121_R06C01','b37c6db3-c2bb-40db-aa1b-48340681ebe1',NULL,0,0,0,'pending',0,'no_qc','no_qc','unchecked',NULL,1,NULL,'2013-05-16 17:09:09',NULL,'/lustre/scratch105/vrpipe/refs/hipsci/resources/genotyping/b37c6db3-c2bb-40db-aa1b-48340681ebe1_pilot_genotyping.fcr.txt.gz',1),(115,115,0,0,'9273354121_R05C02','9273354121_R05C02',NULL,NULL,NULL,NULL,NULL,'pending',0,'no_qc','no_qc','unchecked',NULL,NULL,NULL,'2013-05-16 17:09:09',NULL,NULL,0),(116,115,153,0,'9273354121_R05C02','9273354121_R05C02',NULL,NULL,NULL,NULL,NULL,'pending',0,'no_qc','no_qc','unchecked',NULL,NULL,NULL,'2013-05-16 17:09:09',NULL,NULL,0),(117,115,153,0,'9273354121_R05C02','9273354121_R05C02','b37c6db3-c2bb-40db-aa1b-48340681ebe1',NULL,0,0,0,'pending',0,'no_qc','no_qc','unchecked',NULL,1,NULL,'2013-05-16 17:09:09',NULL,'/lustre/scratch105/vrpipe/refs/hipsci/resources/genotyping/b37c6db3-c2bb-40db-aa1b-48340681ebe1_pilot_genotyping.fcr.txt.gz',1),(118,118,0,0,'9273354121_R05C01','9273354121_R05C01',NULL,NULL,NULL,NULL,NULL,'pending',0,'no_qc','no_qc','unchecked',NULL,NULL,NULL,'2013-05-16 17:09:09',NULL,NULL,0),(119,118,157,0,'9273354121_R05C01','9273354121_R05C01',NULL,NULL,NULL,NULL,NULL,'pending',0,'no_qc','no_qc','unchecked',NULL,NULL,NULL,'2013-05-16 17:09:09',NULL,NULL,0),(120,118,157,0,'9273354121_R05C01','9273354121_R05C01','b37c6db3-c2bb-40db-aa1b-48340681ebe1',NULL,0,0,0,'pending',0,'no_qc','no_qc','unchecked',NULL,1,NULL,'2013-05-16 17:09:09',NULL,'/lustre/scratch105/vrpipe/refs/hipsci/resources/genotyping/b37c6db3-c2bb-40db-aa1b-48340681ebe1_pilot_genotyping.fcr.txt.gz',1),(121,121,0,0,'9273354121_R04C02','9273354121_R04C02',NULL,NULL,NULL,NULL,NULL,'pending',0,'no_qc','no_qc','unchecked',NULL,NULL,NULL,'2013-05-16 17:09:09',NULL,NULL,0),(122,121,161,0,'9273354121_R04C02','9273354121_R04C02',NULL,NULL,NULL,NULL,NULL,'pending',0,'no_qc','no_qc','unchecked',NULL,NULL,NULL,'2013-05-16 17:09:09',NULL,NULL,0),(123,121,161,0,'9273354121_R04C02','9273354121_R04C02','b37c6db3-c2bb-40db-aa1b-48340681ebe1',NULL,0,0,0,'pending',0,'no_qc','no_qc','unchecked',NULL,1,NULL,'2013-05-16 17:09:09',NULL,'/lustre/scratch105/vrpipe/refs/hipsci/resources/genotyping/b37c6db3-c2bb-40db-aa1b-48340681ebe1_pilot_genotyping.fcr.txt.gz',1),(124,124,0,0,'9273354121_R04C01','9273354121_R04C01',NULL,NULL,NULL,NULL,NULL,'pending',0,'no_qc','no_qc','unchecked',NULL,NULL,NULL,'2013-05-16 17:09:09',NULL,NULL,0),(125,124,165,0,'9273354121_R04C01','9273354121_R04C01',NULL,NULL,NULL,NULL,NULL,'pending',0,'no_qc','no_qc','unchecked',NULL,NULL,NULL,'2013-05-16 17:09:09',NULL,NULL,0),(126,124,165,0,'9273354121_R04C01','9273354121_R04C01','b37c6db3-c2bb-40db-aa1b-48340681ebe1',NULL,0,0,0,'pending',0,'no_qc','no_qc','unchecked',NULL,1,NULL,'2013-05-16 17:09:09',NULL,'/lustre/scratch105/vrpipe/refs/hipsci/resources/genotyping/b37c6db3-c2bb-40db-aa1b-48340681ebe1_pilot_genotyping.fcr.txt.gz',1),(127,127,0,0,'9273354121_R03C02','9273354121_R03C02',NULL,NULL,NULL,NULL,NULL,'pending',0,'no_qc','no_qc','unchecked',NULL,NULL,NULL,'2013-05-16 17:09:10',NULL,NULL,0),(128,127,169,0,'9273354121_R03C02','9273354121_R03C02',NULL,NULL,NULL,NULL,NULL,'pending',0,'no_qc','no_qc','unchecked',NULL,NULL,NULL,'2013-05-16 17:09:10',NULL,NULL,0),(129,127,169,0,'9273354121_R03C02','9273354121_R03C02','b37c6db3-c2bb-40db-aa1b-48340681ebe1',NULL,0,0,0,'pending',0,'no_qc','no_qc','unchecked',NULL,1,NULL,'2013-05-16 17:09:10',NULL,'/lustre/scratch105/vrpipe/refs/hipsci/resources/genotyping/b37c6db3-c2bb-40db-aa1b-48340681ebe1_pilot_genotyping.fcr.txt.gz',1),(130,130,0,0,'9273354121_R03C01','9273354121_R03C01',NULL,NULL,NULL,NULL,NULL,'pending',0,'no_qc','no_qc','unchecked',NULL,NULL,NULL,'2013-05-16 17:09:10',NULL,NULL,0),(131,130,173,0,'9273354121_R03C01','9273354121_R03C01',NULL,NULL,NULL,NULL,NULL,'pending',0,'no_qc','no_qc','unchecked',NULL,NULL,NULL,'2013-05-16 17:09:10',NULL,NULL,0),(132,130,173,0,'9273354121_R03C01','9273354121_R03C01','b37c6db3-c2bb-40db-aa1b-48340681ebe1',NULL,0,0,0,'pending',0,'no_qc','no_qc','unchecked',NULL,1,NULL,'2013-05-16 17:09:10',NULL,'/lustre/scratch105/vrpipe/refs/hipsci/resources/genotyping/b37c6db3-c2bb-40db-aa1b-48340681ebe1_pilot_genotyping.fcr.txt.gz',1),(133,133,0,0,'9273354121_R02C02','9273354121_R02C02',NULL,NULL,NULL,NULL,NULL,'pending',0,'no_qc','no_qc','unchecked',NULL,NULL,NULL,'2013-05-16 17:09:10',NULL,NULL,0),(134,133,177,0,'9273354121_R02C02','9273354121_R02C02',NULL,NULL,NULL,NULL,NULL,'pending',0,'no_qc','no_qc','unchecked',NULL,NULL,NULL,'2013-05-16 17:09:10',NULL,NULL,0),(135,133,177,0,'9273354121_R02C02','9273354121_R02C02','b37c6db3-c2bb-40db-aa1b-48340681ebe1',NULL,0,0,0,'pending',0,'no_qc','no_qc','unchecked',NULL,1,NULL,'2013-05-16 17:09:10',NULL,'/lustre/scratch105/vrpipe/refs/hipsci/resources/genotyping/b37c6db3-c2bb-40db-aa1b-48340681ebe1_pilot_genotyping.fcr.txt.gz',1),(136,136,0,0,'9273354121_R02C01','9273354121_R02C01',NULL,NULL,NULL,NULL,NULL,'pending',0,'no_qc','no_qc','unchecked',NULL,NULL,NULL,'2013-05-16 17:09:11',NULL,NULL,0),(137,136,181,0,'9273354121_R02C01','9273354121_R02C01',NULL,NULL,NULL,NULL,NULL,'pending',0,'no_qc','no_qc','unchecked',NULL,NULL,NULL,'2013-05-16 17:09:11',NULL,NULL,0),(138,136,181,0,'9273354121_R02C01','9273354121_R02C01','b37c6db3-c2bb-40db-aa1b-48340681ebe1',NULL,0,0,0,'pending',0,'no_qc','no_qc','unchecked',NULL,1,NULL,'2013-05-16 17:09:11',NULL,'/lustre/scratch105/vrpipe/refs/hipsci/resources/genotyping/b37c6db3-c2bb-40db-aa1b-48340681ebe1_pilot_genotyping.fcr.txt.gz',1),(139,139,0,0,'9273354121_R01C02','9273354121_R01C02',NULL,NULL,NULL,NULL,NULL,'pending',0,'no_qc','no_qc','unchecked',NULL,NULL,NULL,'2013-05-16 17:09:11',NULL,NULL,0),(140,139,185,0,'9273354121_R01C02','9273354121_R01C02',NULL,NULL,NULL,NULL,NULL,'pending',0,'no_qc','no_qc','unchecked',NULL,NULL,NULL,'2013-05-16 17:09:11',NULL,NULL,0),(141,139,185,0,'9273354121_R01C02','9273354121_R01C02','b37c6db3-c2bb-40db-aa1b-48340681ebe1',NULL,0,0,0,'pending',0,'no_qc','no_qc','unchecked',NULL,1,NULL,'2013-05-16 17:09:11',NULL,'/lustre/scratch105/vrpipe/refs/hipsci/resources/genotyping/b37c6db3-c2bb-40db-aa1b-48340681ebe1_pilot_genotyping.fcr.txt.gz',1),(142,142,0,0,'9273354121_R01C01','9273354121_R01C01',NULL,NULL,NULL,NULL,NULL,'pending',0,'no_qc','no_qc','unchecked',NULL,NULL,NULL,'2013-05-16 17:09:11',NULL,NULL,0),(143,142,189,0,'9273354121_R01C01','9273354121_R01C01',NULL,NULL,NULL,NULL,NULL,'pending',0,'no_qc','no_qc','unchecked',NULL,NULL,NULL,'2013-05-16 17:09:11',NULL,NULL,0),(144,142,189,0,'9273354121_R01C01','9273354121_R01C01','b37c6db3-c2bb-40db-aa1b-48340681ebe1',NULL,0,0,0,'pending',0,'no_qc','no_qc','unchecked',NULL,1,NULL,'2013-05-16 17:09:11',NULL,'/lustre/scratch105/vrpipe/refs/hipsci/resources/genotyping/b37c6db3-c2bb-40db-aa1b-48340681ebe1_pilot_genotyping.fcr.txt.gz',1);
/*!40000 ALTER TABLE `lane` ENABLE KEYS */;
UNLOCK TABLES;

--
-- Temporary table structure for view `latest_file`
--

DROP TABLE IF EXISTS `latest_file`;
/*!50001 DROP VIEW IF EXISTS `latest_file`*/;
/*!50001 CREATE TABLE `latest_file` (
  `row_id` int(10) unsigned,
  `file_id` mediumint(8) unsigned,
  `lane_id` mediumint(8) unsigned,
  `name` varchar(255),
  `hierarchy_name` varchar(255),
  `processed` int(10),
  `type` tinyint(4),
  `readlen` smallint(5) unsigned,
  `raw_reads` bigint(20) unsigned,
  `raw_bases` bigint(20) unsigned,
  `mean_q` float unsigned,
  `md5` char(32),
  `note_id` mediumint(8) unsigned,
  `changed` datetime,
  `latest` tinyint(1)
) */;

--
-- Temporary table structure for view `latest_lane`
--

DROP TABLE IF EXISTS `latest_lane`;
/*!50001 DROP VIEW IF EXISTS `latest_lane`*/;
/*!50001 CREATE TABLE `latest_lane` (
  `row_id` int(10) unsigned,
  `lane_id` mediumint(8) unsigned,
  `library_id` smallint(5) unsigned,
  `seq_request_id` mediumint(8) unsigned,
  `name` varchar(255),
  `hierarchy_name` varchar(255),
  `acc` varchar(40),
  `readlen` smallint(5) unsigned,
  `paired` tinyint(1),
  `raw_reads` bigint(20) unsigned,
  `raw_bases` bigint(20) unsigned,
  `npg_qc_status` enum('pending','pass','fail','-'),
  `processed` int(10),
  `auto_qc_status` enum('no_qc','passed','failed'),
  `qc_status` enum('no_qc','pending','passed','failed','gt_pending','investigate'),
  `gt_status` enum('unchecked','confirmed','wrong','unconfirmed','candidate','unknown','swapped'),
  `submission_id` smallint(5) unsigned,
  `withdrawn` tinyint(1),
  `note_id` mediumint(8) unsigned,
  `changed` datetime,
  `run_date` datetime,
  `storage_path` varchar(255),
  `latest` tinyint(1)
) */;

--
-- Temporary table structure for view `latest_library`
--

DROP TABLE IF EXISTS `latest_library`;
/*!50001 DROP VIEW IF EXISTS `latest_library`*/;
/*!50001 CREATE TABLE `latest_library` (
  `row_id` int(10) unsigned,
  `library_id` smallint(5) unsigned,
  `library_request_id` mediumint(8) unsigned,
  `sample_id` smallint(5) unsigned,
  `ssid` mediumint(8) unsigned,
  `name` varchar(255),
  `hierarchy_name` varchar(255),
  `prep_status` enum('unknown','pending','started','passed','failed','cancelled','hold'),
  `auto_qc_status` enum('no_qc','passed','failed'),
  `qc_status` enum('no_qc','pending','passed','failed'),
  `fragment_size_from` mediumint(8) unsigned,
  `fragment_size_to` mediumint(8) unsigned,
  `library_type_id` smallint(5) unsigned,
  `library_tag` smallint(5) unsigned,
  `library_tag_group` smallint(5) unsigned,
  `library_tag_sequence` varchar(1024),
  `seq_centre_id` smallint(5) unsigned,
  `seq_tech_id` smallint(5) unsigned,
  `open` tinyint(1),
  `note_id` mediumint(8) unsigned,
  `changed` datetime,
  `latest` tinyint(1)
) */;

--
-- Temporary table structure for view `latest_library_request`
--

DROP TABLE IF EXISTS `latest_library_request`;
/*!50001 DROP VIEW IF EXISTS `latest_library_request`*/;
/*!50001 CREATE TABLE `latest_library_request` (
  `row_id` int(10) unsigned,
  `library_request_id` mediumint(8) unsigned,
  `sample_id` smallint(5) unsigned,
  `ssid` mediumint(8) unsigned,
  `prep_status` enum('unknown','pending','started','passed','failed','cancelled','hold'),
  `note_id` mediumint(8) unsigned,
  `changed` datetime,
  `latest` tinyint(1)
) */;

--
-- Temporary table structure for view `latest_mapstats`
--

DROP TABLE IF EXISTS `latest_mapstats`;
/*!50001 DROP VIEW IF EXISTS `latest_mapstats`*/;
/*!50001 CREATE TABLE `latest_mapstats` (
  `row_id` int(10) unsigned,
  `mapstats_id` mediumint(8) unsigned,
  `lane_id` mediumint(8) unsigned,
  `mapper_id` smallint(5) unsigned,
  `assembly_id` smallint(5) unsigned,
  `raw_reads` bigint(20) unsigned,
  `raw_bases` bigint(20) unsigned,
  `clip_bases` bigint(20) unsigned,
  `reads_mapped` bigint(20) unsigned,
  `reads_paired` bigint(20) unsigned,
  `bases_mapped` bigint(20) unsigned,
  `rmdup_reads_mapped` bigint(20) unsigned,
  `rmdup_bases_mapped` bigint(20) unsigned,
  `adapter_reads` bigint(20) unsigned,
  `error_rate` float unsigned,
  `mean_insert` float unsigned,
  `sd_insert` float unsigned,
  `gt_expected` varchar(40),
  `gt_found` varchar(40),
  `gt_ratio` float unsigned,
  `note_id` mediumint(8) unsigned,
  `changed` datetime,
  `latest` tinyint(1),
  `bait_near_bases_mapped` bigint(20) unsigned,
  `target_near_bases_mapped` bigint(20) unsigned,
  `bait_bases_mapped` bigint(20) unsigned,
  `mean_bait_coverage` float unsigned,
  `bait_coverage_sd` float unsigned,
  `off_bait_bases` bigint(20) unsigned,
  `reads_on_bait` bigint(20) unsigned,
  `reads_on_bait_near` bigint(20) unsigned,
  `reads_on_target` bigint(20) unsigned,
  `reads_on_target_near` bigint(20) unsigned,
  `target_bases_mapped` bigint(20) unsigned,
  `mean_target_coverage` float unsigned,
  `target_coverage_sd` float unsigned,
  `target_bases_1X` float unsigned,
  `target_bases_2X` float unsigned,
  `target_bases_5X` float unsigned,
  `target_bases_10X` float unsigned,
  `target_bases_20X` float unsigned,
  `target_bases_50X` float unsigned,
  `target_bases_100X` float unsigned,
  `exome_design_id` smallint(5) unsigned,
  `percentage_reads_with_transposon` float unsigned,
  `is_qc` tinyint(1),
  `prefix` varchar(40)
) */;

--
-- Temporary table structure for view `latest_project`
--

DROP TABLE IF EXISTS `latest_project`;
/*!50001 DROP VIEW IF EXISTS `latest_project`*/;
/*!50001 CREATE TABLE `latest_project` (
  `row_id` int(10) unsigned,
  `project_id` smallint(5) unsigned,
  `ssid` mediumint(8) unsigned,
  `name` varchar(255),
  `hierarchy_name` varchar(255),
  `study_id` smallint(5),
  `note_id` mediumint(8) unsigned,
  `changed` datetime,
  `latest` tinyint(1)
) */;

--
-- Temporary table structure for view `latest_sample`
--

DROP TABLE IF EXISTS `latest_sample`;
/*!50001 DROP VIEW IF EXISTS `latest_sample`*/;
/*!50001 CREATE TABLE `latest_sample` (
  `row_id` int(10) unsigned,
  `sample_id` smallint(5) unsigned,
  `project_id` smallint(5) unsigned,
  `ssid` mediumint(8) unsigned,
  `name` varchar(255),
  `hierarchy_name` varchar(40),
  `individual_id` smallint(5) unsigned,
  `note_id` mediumint(8) unsigned,
  `changed` datetime,
  `latest` tinyint(1)
) */;

--
-- Temporary table structure for view `latest_seq_request`
--

DROP TABLE IF EXISTS `latest_seq_request`;
/*!50001 DROP VIEW IF EXISTS `latest_seq_request`*/;
/*!50001 CREATE TABLE `latest_seq_request` (
  `row_id` int(10) unsigned,
  `seq_request_id` mediumint(8) unsigned,
  `library_id` smallint(5) unsigned,
  `multiplex_pool_id` smallint(5) unsigned,
  `ssid` mediumint(8) unsigned,
  `seq_type` enum('HiSeq Paired end sequencing','Illumina-A HiSeq Paired end sequencing','Illumina-A Paired end sequencing','Illumina-A Pulldown ISC','Illumina-A Pulldown SC','Illumina-A Pulldown WGS','Illumina-A Single ended hi seq sequencing','Illumina-A Single ended sequencing','Illumina-B HiSeq Paired end sequencing','Illumina-B Paired end sequencing','Illumina-B Single ended hi seq sequencing','Illumina-B Single ended sequencing','Illumina-C HiSeq Paired end sequencing','Illumina-C MiSeq sequencing','Illumina-C Paired end sequencing','Illumina-C Single ended hi seq sequencing','Illumina-C Single ended sequencing','MiSeq sequencing','Paired end sequencing','Single ended hi seq sequencing','Single Ended Hi Seq Sequencing Control','Single ended sequencing'),
  `seq_status` enum('unknown','pending','started','passed','failed','cancelled','hold'),
  `note_id` mediumint(8) unsigned,
  `changed` datetime,
  `latest` tinyint(1)
) */;

--
-- Table structure for table `library`
--

DROP TABLE IF EXISTS `library`;
SET @saved_cs_client     = @@character_set_client;
SET character_set_client = utf8;
CREATE TABLE `library` (
  `row_id` int(10) unsigned NOT NULL auto_increment,
  `library_id` smallint(5) unsigned NOT NULL default '0',
  `library_request_id` mediumint(8) unsigned NOT NULL default '0',
  `sample_id` smallint(5) unsigned NOT NULL default '0',
  `ssid` mediumint(8) unsigned default NULL,
  `name` varchar(255) NOT NULL default '',
  `hierarchy_name` varchar(255) NOT NULL default '',
  `prep_status` enum('unknown','pending','started','passed','failed','cancelled','hold') default 'unknown',
  `auto_qc_status` enum('no_qc','passed','failed') default 'no_qc',
  `qc_status` enum('no_qc','pending','passed','failed') default 'no_qc',
  `fragment_size_from` mediumint(8) unsigned default NULL,
  `fragment_size_to` mediumint(8) unsigned default NULL,
  `library_type_id` smallint(5) unsigned default NULL,
  `library_tag` smallint(5) unsigned default NULL,
  `library_tag_group` smallint(5) unsigned default NULL,
  `library_tag_sequence` varchar(1024) default NULL,
  `seq_centre_id` smallint(5) unsigned default NULL,
  `seq_tech_id` smallint(5) unsigned default NULL,
  `open` tinyint(1) default '1',
  `note_id` mediumint(8) unsigned default NULL,
  `changed` datetime NOT NULL default '0000-00-00 00:00:00',
  `latest` tinyint(1) default '0',
  PRIMARY KEY  (`row_id`),
  KEY `ssid` (`ssid`),
  KEY `name` (`name`),
  KEY `hierarchy_name` (`hierarchy_name`),
  KEY `sample_id` (`sample_id`),
  KEY `library_id` (`library_id`)
) ENGINE=InnoDB DEFAULT CHARSET=latin1;
SET character_set_client = @saved_cs_client;

--
-- Dumping data for table `library`
--

LOCK TABLES `library` WRITE;
/*!40000 ALTER TABLE `library` DISABLE KEYS */;
INSERT INTO `library` VALUES (1,1,0,0,NULL,'9274735028_1324177','9274735028_1324177','unknown','no_qc','no_qc',NULL,NULL,NULL,NULL,NULL,NULL,NULL,NULL,1,NULL,'2013-05-16 17:09:04',0),(2,1,0,1,NULL,'9274735028_1324177','9274735028_1324177','unknown','no_qc','no_qc',NULL,NULL,NULL,NULL,NULL,NULL,NULL,NULL,1,NULL,'2013-05-16 17:09:04',0),(3,1,0,1,5028177,'9274735028_1324177','9274735028_1324177','unknown','no_qc','no_qc',NULL,NULL,NULL,NULL,NULL,NULL,NULL,NULL,1,NULL,'2013-05-16 17:09:04',0),(4,1,0,1,5028177,'9274735028_1324177','9274735028_1324177','unknown','no_qc','no_qc',0,0,NULL,NULL,NULL,NULL,1,1,1,NULL,'2013-05-16 17:09:04',1),(5,5,0,0,NULL,'9274735028_1559363','9274735028_1559363','unknown','no_qc','no_qc',NULL,NULL,NULL,NULL,NULL,NULL,NULL,NULL,1,NULL,'2013-05-16 17:09:04',0),(6,5,0,4,NULL,'9274735028_1559363','9274735028_1559363','unknown','no_qc','no_qc',NULL,NULL,NULL,NULL,NULL,NULL,NULL,NULL,1,NULL,'2013-05-16 17:09:04',0),(7,5,0,4,5028363,'9274735028_1559363','9274735028_1559363','unknown','no_qc','no_qc',NULL,NULL,NULL,NULL,NULL,NULL,NULL,NULL,1,NULL,'2013-05-16 17:09:04',0),(8,5,0,4,5028363,'9274735028_1559363','9274735028_1559363','unknown','no_qc','no_qc',0,0,NULL,NULL,NULL,NULL,1,1,1,NULL,'2013-05-16 17:09:04',1),(9,9,0,0,NULL,'9274735028_1324174','9274735028_1324174','unknown','no_qc','no_qc',NULL,NULL,NULL,NULL,NULL,NULL,NULL,NULL,1,NULL,'2013-05-16 17:09:05',0),(10,9,0,7,NULL,'9274735028_1324174','9274735028_1324174','unknown','no_qc','no_qc',NULL,NULL,NULL,NULL,NULL,NULL,NULL,NULL,1,NULL,'2013-05-16 17:09:05',0),(11,9,0,7,5028174,'9274735028_1324174','9274735028_1324174','unknown','no_qc','no_qc',NULL,NULL,NULL,NULL,NULL,NULL,NULL,NULL,1,NULL,'2013-05-16 17:09:05',0),(12,9,0,7,5028174,'9274735028_1324174','9274735028_1324174','unknown','no_qc','no_qc',0,0,NULL,NULL,NULL,NULL,1,1,1,NULL,'2013-05-16 17:09:05',1),(13,13,0,0,NULL,'9274735028_1559362','9274735028_1559362','unknown','no_qc','no_qc',NULL,NULL,NULL,NULL,NULL,NULL,NULL,NULL,1,NULL,'2013-05-16 17:09:05',0),(14,13,0,10,NULL,'9274735028_1559362','9274735028_1559362','unknown','no_qc','no_qc',NULL,NULL,NULL,NULL,NULL,NULL,NULL,NULL,1,NULL,'2013-05-16 17:09:05',0),(15,13,0,10,5028362,'9274735028_1559362','9274735028_1559362','unknown','no_qc','no_qc',NULL,NULL,NULL,NULL,NULL,NULL,NULL,NULL,1,NULL,'2013-05-16 17:09:05',0),(16,13,0,10,5028362,'9274735028_1559362','9274735028_1559362','unknown','no_qc','no_qc',0,0,NULL,NULL,NULL,NULL,1,1,1,NULL,'2013-05-16 17:09:05',1),(17,17,0,0,NULL,'9274735028_1324171','9274735028_1324171','unknown','no_qc','no_qc',NULL,NULL,NULL,NULL,NULL,NULL,NULL,NULL,1,NULL,'2013-05-16 17:09:05',0),(18,17,0,13,NULL,'9274735028_1324171','9274735028_1324171','unknown','no_qc','no_qc',NULL,NULL,NULL,NULL,NULL,NULL,NULL,NULL,1,NULL,'2013-05-16 17:09:05',0),(19,17,0,13,5028171,'9274735028_1324171','9274735028_1324171','unknown','no_qc','no_qc',NULL,NULL,NULL,NULL,NULL,NULL,NULL,NULL,1,NULL,'2013-05-16 17:09:05',0),(20,17,0,13,5028171,'9274735028_1324171','9274735028_1324171','unknown','no_qc','no_qc',0,0,NULL,NULL,NULL,NULL,1,1,1,NULL,'2013-05-16 17:09:05',1),(21,21,0,0,NULL,'9274735028_1559361','9274735028_1559361','unknown','no_qc','no_qc',NULL,NULL,NULL,NULL,NULL,NULL,NULL,NULL,1,NULL,'2013-05-16 17:09:05',0),(22,21,0,16,NULL,'9274735028_1559361','9274735028_1559361','unknown','no_qc','no_qc',NULL,NULL,NULL,NULL,NULL,NULL,NULL,NULL,1,NULL,'2013-05-16 17:09:05',0),(23,21,0,16,5028361,'9274735028_1559361','9274735028_1559361','unknown','no_qc','no_qc',NULL,NULL,NULL,NULL,NULL,NULL,NULL,NULL,1,NULL,'2013-05-16 17:09:05',0),(24,21,0,16,5028361,'9274735028_1559361','9274735028_1559361','unknown','no_qc','no_qc',0,0,NULL,NULL,NULL,NULL,1,1,1,NULL,'2013-05-16 17:09:05',1),(25,25,0,0,NULL,'9274735028_1324165','9274735028_1324165','unknown','no_qc','no_qc',NULL,NULL,NULL,NULL,NULL,NULL,NULL,NULL,1,NULL,'2013-05-16 17:09:05',0),(26,25,0,19,NULL,'9274735028_1324165','9274735028_1324165','unknown','no_qc','no_qc',NULL,NULL,NULL,NULL,NULL,NULL,NULL,NULL,1,NULL,'2013-05-16 17:09:05',0),(27,25,0,19,5028165,'9274735028_1324165','9274735028_1324165','unknown','no_qc','no_qc',NULL,NULL,NULL,NULL,NULL,NULL,NULL,NULL,1,NULL,'2013-05-16 17:09:05',0),(28,25,0,19,5028165,'9274735028_1324165','9274735028_1324165','unknown','no_qc','no_qc',0,0,NULL,NULL,NULL,NULL,1,1,1,NULL,'2013-05-16 17:09:05',1),(29,29,0,0,NULL,'9274735028_1559360','9274735028_1559360','unknown','no_qc','no_qc',NULL,NULL,NULL,NULL,NULL,NULL,NULL,NULL,1,NULL,'2013-05-16 17:09:05',0),(30,29,0,22,NULL,'9274735028_1559360','9274735028_1559360','unknown','no_qc','no_qc',NULL,NULL,NULL,NULL,NULL,NULL,NULL,NULL,1,NULL,'2013-05-16 17:09:05',0),(31,29,0,22,5028360,'9274735028_1559360','9274735028_1559360','unknown','no_qc','no_qc',NULL,NULL,NULL,NULL,NULL,NULL,NULL,NULL,1,NULL,'2013-05-16 17:09:05',0),(32,29,0,22,5028360,'9274735028_1559360','9274735028_1559360','unknown','no_qc','no_qc',0,0,NULL,NULL,NULL,NULL,1,1,1,NULL,'2013-05-16 17:09:05',1),(33,33,0,0,NULL,'9274735028_1324164','9274735028_1324164','unknown','no_qc','no_qc',NULL,NULL,NULL,NULL,NULL,NULL,NULL,NULL,1,NULL,'2013-05-16 17:09:05',0),(34,33,0,25,NULL,'9274735028_1324164','9274735028_1324164','unknown','no_qc','no_qc',NULL,NULL,NULL,NULL,NULL,NULL,NULL,NULL,1,NULL,'2013-05-16 17:09:05',0),(35,33,0,25,5028164,'9274735028_1324164','9274735028_1324164','unknown','no_qc','no_qc',NULL,NULL,NULL,NULL,NULL,NULL,NULL,NULL,1,NULL,'2013-05-16 17:09:05',0),(36,33,0,25,5028164,'9274735028_1324164','9274735028_1324164','unknown','no_qc','no_qc',0,0,NULL,NULL,NULL,NULL,1,1,1,NULL,'2013-05-16 17:09:05',1),(37,37,0,0,NULL,'9274735028_1559359','9274735028_1559359','unknown','no_qc','no_qc',NULL,NULL,NULL,NULL,NULL,NULL,NULL,NULL,1,NULL,'2013-05-16 17:09:05',0),(38,37,0,28,NULL,'9274735028_1559359','9274735028_1559359','unknown','no_qc','no_qc',NULL,NULL,NULL,NULL,NULL,NULL,NULL,NULL,1,NULL,'2013-05-16 17:09:05',0),(39,37,0,28,5028359,'9274735028_1559359','9274735028_1559359','unknown','no_qc','no_qc',NULL,NULL,NULL,NULL,NULL,NULL,NULL,NULL,1,NULL,'2013-05-16 17:09:05',0),(40,37,0,28,5028359,'9274735028_1559359','9274735028_1559359','unknown','no_qc','no_qc',0,0,NULL,NULL,NULL,NULL,1,1,1,NULL,'2013-05-16 17:09:05',1),(41,41,0,0,NULL,'9274735028_1559364','9274735028_1559364','unknown','no_qc','no_qc',NULL,NULL,NULL,NULL,NULL,NULL,NULL,NULL,1,NULL,'2013-05-16 17:09:05',0),(42,41,0,31,NULL,'9274735028_1559364','9274735028_1559364','unknown','no_qc','no_qc',NULL,NULL,NULL,NULL,NULL,NULL,NULL,NULL,1,NULL,'2013-05-16 17:09:05',0),(43,41,0,31,5028364,'9274735028_1559364','9274735028_1559364','unknown','no_qc','no_qc',NULL,NULL,NULL,NULL,NULL,NULL,NULL,NULL,1,NULL,'2013-05-16 17:09:05',0),(44,41,0,31,5028364,'9274735028_1559364','9274735028_1559364','unknown','no_qc','no_qc',0,0,NULL,NULL,NULL,NULL,1,1,1,NULL,'2013-05-16 17:09:05',1),(45,45,0,0,NULL,'9274735028_1559358','9274735028_1559358','unknown','no_qc','no_qc',NULL,NULL,NULL,NULL,NULL,NULL,NULL,NULL,1,NULL,'2013-05-16 17:09:05',0),(46,45,0,34,NULL,'9274735028_1559358','9274735028_1559358','unknown','no_qc','no_qc',NULL,NULL,NULL,NULL,NULL,NULL,NULL,NULL,1,NULL,'2013-05-16 17:09:05',0),(47,45,0,34,5028358,'9274735028_1559358','9274735028_1559358','unknown','no_qc','no_qc',NULL,NULL,NULL,NULL,NULL,NULL,NULL,NULL,1,NULL,'2013-05-16 17:09:05',0),(48,45,0,34,5028358,'9274735028_1559358','9274735028_1559358','unknown','no_qc','no_qc',0,0,NULL,NULL,NULL,NULL,1,1,1,NULL,'2013-05-16 17:09:06',1),(49,49,0,0,NULL,'9273354128_1324194','9273354128_1324194','unknown','no_qc','no_qc',NULL,NULL,NULL,NULL,NULL,NULL,NULL,NULL,1,NULL,'2013-05-16 17:09:06',0),(50,49,0,37,NULL,'9273354128_1324194','9273354128_1324194','unknown','no_qc','no_qc',NULL,NULL,NULL,NULL,NULL,NULL,NULL,NULL,1,NULL,'2013-05-16 17:09:06',0),(51,49,0,37,4128194,'9273354128_1324194','9273354128_1324194','unknown','no_qc','no_qc',NULL,NULL,NULL,NULL,NULL,NULL,NULL,NULL,1,NULL,'2013-05-16 17:09:06',0),(52,49,0,37,4128194,'9273354128_1324194','9273354128_1324194','unknown','no_qc','no_qc',0,0,NULL,NULL,NULL,NULL,1,1,1,NULL,'2013-05-16 17:09:06',1),(53,53,0,0,NULL,'9273354128_1559363','9273354128_1559363','unknown','no_qc','no_qc',NULL,NULL,NULL,NULL,NULL,NULL,NULL,NULL,1,NULL,'2013-05-16 17:09:06',0),(54,53,0,40,NULL,'9273354128_1559363','9273354128_1559363','unknown','no_qc','no_qc',NULL,NULL,NULL,NULL,NULL,NULL,NULL,NULL,1,NULL,'2013-05-16 17:09:06',0),(55,53,0,40,4128363,'9273354128_1559363','9273354128_1559363','unknown','no_qc','no_qc',NULL,NULL,NULL,NULL,NULL,NULL,NULL,NULL,1,NULL,'2013-05-16 17:09:06',0),(56,53,0,40,4128363,'9273354128_1559363','9273354128_1559363','unknown','no_qc','no_qc',0,0,NULL,NULL,NULL,NULL,1,1,1,NULL,'2013-05-16 17:09:06',1),(57,57,0,0,NULL,'9273354128_1324190','9273354128_1324190','unknown','no_qc','no_qc',NULL,NULL,NULL,NULL,NULL,NULL,NULL,NULL,1,NULL,'2013-05-16 17:09:06',0),(58,57,0,43,NULL,'9273354128_1324190','9273354128_1324190','unknown','no_qc','no_qc',NULL,NULL,NULL,NULL,NULL,NULL,NULL,NULL,1,NULL,'2013-05-16 17:09:06',0),(59,57,0,43,4128190,'9273354128_1324190','9273354128_1324190','unknown','no_qc','no_qc',NULL,NULL,NULL,NULL,NULL,NULL,NULL,NULL,1,NULL,'2013-05-16 17:09:06',0),(60,57,0,43,4128190,'9273354128_1324190','9273354128_1324190','unknown','no_qc','no_qc',0,0,NULL,NULL,NULL,NULL,1,1,1,NULL,'2013-05-16 17:09:06',1),(61,61,0,0,NULL,'9273354128_1559362','9273354128_1559362','unknown','no_qc','no_qc',NULL,NULL,NULL,NULL,NULL,NULL,NULL,NULL,1,NULL,'2013-05-16 17:09:06',0),(62,61,0,46,NULL,'9273354128_1559362','9273354128_1559362','unknown','no_qc','no_qc',NULL,NULL,NULL,NULL,NULL,NULL,NULL,NULL,1,NULL,'2013-05-16 17:09:06',0),(63,61,0,46,4128362,'9273354128_1559362','9273354128_1559362','unknown','no_qc','no_qc',NULL,NULL,NULL,NULL,NULL,NULL,NULL,NULL,1,NULL,'2013-05-16 17:09:06',0),(64,61,0,46,4128362,'9273354128_1559362','9273354128_1559362','unknown','no_qc','no_qc',0,0,NULL,NULL,NULL,NULL,1,1,1,NULL,'2013-05-16 17:09:06',1),(65,65,0,0,NULL,'9273354128_1324187','9273354128_1324187','unknown','no_qc','no_qc',NULL,NULL,NULL,NULL,NULL,NULL,NULL,NULL,1,NULL,'2013-05-16 17:09:06',0),(66,65,0,49,NULL,'9273354128_1324187','9273354128_1324187','unknown','no_qc','no_qc',NULL,NULL,NULL,NULL,NULL,NULL,NULL,NULL,1,NULL,'2013-05-16 17:09:06',0),(67,65,0,49,4128187,'9273354128_1324187','9273354128_1324187','unknown','no_qc','no_qc',NULL,NULL,NULL,NULL,NULL,NULL,NULL,NULL,1,NULL,'2013-05-16 17:09:06',0),(68,65,0,49,4128187,'9273354128_1324187','9273354128_1324187','unknown','no_qc','no_qc',0,0,NULL,NULL,NULL,NULL,1,1,1,NULL,'2013-05-16 17:09:06',1),(69,69,0,0,NULL,'9273354128_1559361','9273354128_1559361','unknown','no_qc','no_qc',NULL,NULL,NULL,NULL,NULL,NULL,NULL,NULL,1,NULL,'2013-05-16 17:09:06',0),(70,69,0,52,NULL,'9273354128_1559361','9273354128_1559361','unknown','no_qc','no_qc',NULL,NULL,NULL,NULL,NULL,NULL,NULL,NULL,1,NULL,'2013-05-16 17:09:06',0),(71,69,0,52,4128361,'9273354128_1559361','9273354128_1559361','unknown','no_qc','no_qc',NULL,NULL,NULL,NULL,NULL,NULL,NULL,NULL,1,NULL,'2013-05-16 17:09:06',0),(72,69,0,52,4128361,'9273354128_1559361','9273354128_1559361','unknown','no_qc','no_qc',0,0,NULL,NULL,NULL,NULL,1,1,1,NULL,'2013-05-16 17:09:06',1),(73,73,0,0,NULL,'9273354128_1324184','9273354128_1324184','unknown','no_qc','no_qc',NULL,NULL,NULL,NULL,NULL,NULL,NULL,NULL,1,NULL,'2013-05-16 17:09:06',0),(74,73,0,55,NULL,'9273354128_1324184','9273354128_1324184','unknown','no_qc','no_qc',NULL,NULL,NULL,NULL,NULL,NULL,NULL,NULL,1,NULL,'2013-05-16 17:09:06',0),(75,73,0,55,4128184,'9273354128_1324184','9273354128_1324184','unknown','no_qc','no_qc',NULL,NULL,NULL,NULL,NULL,NULL,NULL,NULL,1,NULL,'2013-05-16 17:09:06',0),(76,73,0,55,4128184,'9273354128_1324184','9273354128_1324184','unknown','no_qc','no_qc',0,0,NULL,NULL,NULL,NULL,1,1,1,NULL,'2013-05-16 17:09:06',1),(77,77,0,0,NULL,'9273354128_1559360','9273354128_1559360','unknown','no_qc','no_qc',NULL,NULL,NULL,NULL,NULL,NULL,NULL,NULL,1,NULL,'2013-05-16 17:09:06',0),(78,77,0,58,NULL,'9273354128_1559360','9273354128_1559360','unknown','no_qc','no_qc',NULL,NULL,NULL,NULL,NULL,NULL,NULL,NULL,1,NULL,'2013-05-16 17:09:06',0),(79,77,0,58,4128360,'9273354128_1559360','9273354128_1559360','unknown','no_qc','no_qc',NULL,NULL,NULL,NULL,NULL,NULL,NULL,NULL,1,NULL,'2013-05-16 17:09:06',0),(80,77,0,58,4128360,'9273354128_1559360','9273354128_1559360','unknown','no_qc','no_qc',0,0,NULL,NULL,NULL,NULL,1,1,1,NULL,'2013-05-16 17:09:06',1),(81,81,0,0,NULL,'9273354128_1324179','9273354128_1324179','unknown','no_qc','no_qc',NULL,NULL,NULL,NULL,NULL,NULL,NULL,NULL,1,NULL,'2013-05-16 17:09:06',0),(82,81,0,61,NULL,'9273354128_1324179','9273354128_1324179','unknown','no_qc','no_qc',NULL,NULL,NULL,NULL,NULL,NULL,NULL,NULL,1,NULL,'2013-05-16 17:09:07',0),(83,81,0,61,4128179,'9273354128_1324179','9273354128_1324179','unknown','no_qc','no_qc',NULL,NULL,NULL,NULL,NULL,NULL,NULL,NULL,1,NULL,'2013-05-16 17:09:07',0),(84,81,0,61,4128179,'9273354128_1324179','9273354128_1324179','unknown','no_qc','no_qc',0,0,NULL,NULL,NULL,NULL,1,1,1,NULL,'2013-05-16 17:09:07',1),(85,85,0,0,NULL,'9273354128_1559359','9273354128_1559359','unknown','no_qc','no_qc',NULL,NULL,NULL,NULL,NULL,NULL,NULL,NULL,1,NULL,'2013-05-16 17:09:07',0),(86,85,0,64,NULL,'9273354128_1559359','9273354128_1559359','unknown','no_qc','no_qc',NULL,NULL,NULL,NULL,NULL,NULL,NULL,NULL,1,NULL,'2013-05-16 17:09:07',0),(87,85,0,64,4128359,'9273354128_1559359','9273354128_1559359','unknown','no_qc','no_qc',NULL,NULL,NULL,NULL,NULL,NULL,NULL,NULL,1,NULL,'2013-05-16 17:09:07',0),(88,85,0,64,4128359,'9273354128_1559359','9273354128_1559359','unknown','no_qc','no_qc',0,0,NULL,NULL,NULL,NULL,1,1,1,NULL,'2013-05-16 17:09:07',1),(89,89,0,0,NULL,'9273354128_1559364','9273354128_1559364','unknown','no_qc','no_qc',NULL,NULL,NULL,NULL,NULL,NULL,NULL,NULL,1,NULL,'2013-05-16 17:09:07',0),(90,89,0,67,NULL,'9273354128_1559364','9273354128_1559364','unknown','no_qc','no_qc',NULL,NULL,NULL,NULL,NULL,NULL,NULL,NULL,1,NULL,'2013-05-16 17:09:07',0),(91,89,0,67,4128364,'9273354128_1559364','9273354128_1559364','unknown','no_qc','no_qc',NULL,NULL,NULL,NULL,NULL,NULL,NULL,NULL,1,NULL,'2013-05-16 17:09:07',0),(92,89,0,67,4128364,'9273354128_1559364','9273354128_1559364','unknown','no_qc','no_qc',0,0,NULL,NULL,NULL,NULL,1,1,1,NULL,'2013-05-16 17:09:07',1),(93,93,0,0,NULL,'9273354128_1559358','9273354128_1559358','unknown','no_qc','no_qc',NULL,NULL,NULL,NULL,NULL,NULL,NULL,NULL,1,NULL,'2013-05-16 17:09:07',0),(94,93,0,70,NULL,'9273354128_1559358','9273354128_1559358','unknown','no_qc','no_qc',NULL,NULL,NULL,NULL,NULL,NULL,NULL,NULL,1,NULL,'2013-05-16 17:09:07',0),(95,93,0,70,4128358,'9273354128_1559358','9273354128_1559358','unknown','no_qc','no_qc',NULL,NULL,NULL,NULL,NULL,NULL,NULL,NULL,1,NULL,'2013-05-16 17:09:07',0),(96,93,0,70,4128358,'9273354128_1559358','9273354128_1559358','unknown','no_qc','no_qc',0,0,NULL,NULL,NULL,NULL,1,1,1,NULL,'2013-05-16 17:09:07',1),(97,97,0,0,NULL,'9273354127_1324230','9273354127_1324230','unknown','no_qc','no_qc',NULL,NULL,NULL,NULL,NULL,NULL,NULL,NULL,1,NULL,'2013-05-16 17:09:07',0),(98,97,0,73,NULL,'9273354127_1324230','9273354127_1324230','unknown','no_qc','no_qc',NULL,NULL,NULL,NULL,NULL,NULL,NULL,NULL,1,NULL,'2013-05-16 17:09:07',0),(99,97,0,73,4127230,'9273354127_1324230','9273354127_1324230','unknown','no_qc','no_qc',NULL,NULL,NULL,NULL,NULL,NULL,NULL,NULL,1,NULL,'2013-05-16 17:09:07',0),(100,97,0,73,4127230,'9273354127_1324230','9273354127_1324230','unknown','no_qc','no_qc',0,0,NULL,NULL,NULL,NULL,1,1,1,NULL,'2013-05-16 17:09:07',1),(101,101,0,0,NULL,'9273354127_1324212','9273354127_1324212','unknown','no_qc','no_qc',NULL,NULL,NULL,NULL,NULL,NULL,NULL,NULL,1,NULL,'2013-05-16 17:09:07',0),(102,101,0,76,NULL,'9273354127_1324212','9273354127_1324212','unknown','no_qc','no_qc',NULL,NULL,NULL,NULL,NULL,NULL,NULL,NULL,1,NULL,'2013-05-16 17:09:07',0),(103,101,0,76,4127212,'9273354127_1324212','9273354127_1324212','unknown','no_qc','no_qc',NULL,NULL,NULL,NULL,NULL,NULL,NULL,NULL,1,NULL,'2013-05-16 17:09:07',0),(104,101,0,76,4127212,'9273354127_1324212','9273354127_1324212','unknown','no_qc','no_qc',0,0,NULL,NULL,NULL,NULL,1,1,1,NULL,'2013-05-16 17:09:07',1),(105,105,0,0,NULL,'9273354127_1324228','9273354127_1324228','unknown','no_qc','no_qc',NULL,NULL,NULL,NULL,NULL,NULL,NULL,NULL,1,NULL,'2013-05-16 17:09:07',0),(106,105,0,79,NULL,'9273354127_1324228','9273354127_1324228','unknown','no_qc','no_qc',NULL,NULL,NULL,NULL,NULL,NULL,NULL,NULL,1,NULL,'2013-05-16 17:09:07',0),(107,105,0,79,4127228,'9273354127_1324228','9273354127_1324228','unknown','no_qc','no_qc',NULL,NULL,NULL,NULL,NULL,NULL,NULL,NULL,1,NULL,'2013-05-16 17:09:07',0),(108,105,0,79,4127228,'9273354127_1324228','9273354127_1324228','unknown','no_qc','no_qc',0,0,NULL,NULL,NULL,NULL,1,1,1,NULL,'2013-05-16 17:09:07',1),(109,109,0,0,NULL,'9273354127_1324210','9273354127_1324210','unknown','no_qc','no_qc',NULL,NULL,NULL,NULL,NULL,NULL,NULL,NULL,1,NULL,'2013-05-16 17:09:07',0),(110,109,0,82,NULL,'9273354127_1324210','9273354127_1324210','unknown','no_qc','no_qc',NULL,NULL,NULL,NULL,NULL,NULL,NULL,NULL,1,NULL,'2013-05-16 17:09:07',0),(111,109,0,82,4127210,'9273354127_1324210','9273354127_1324210','unknown','no_qc','no_qc',NULL,NULL,NULL,NULL,NULL,NULL,NULL,NULL,1,NULL,'2013-05-16 17:09:07',0),(112,109,0,82,4127210,'9273354127_1324210','9273354127_1324210','unknown','no_qc','no_qc',0,0,NULL,NULL,NULL,NULL,1,1,1,NULL,'2013-05-16 17:09:07',1),(113,113,0,0,NULL,'9273354127_1324226','9273354127_1324226','unknown','no_qc','no_qc',NULL,NULL,NULL,NULL,NULL,NULL,NULL,NULL,1,NULL,'2013-05-16 17:09:07',0),(114,113,0,85,NULL,'9273354127_1324226','9273354127_1324226','unknown','no_qc','no_qc',NULL,NULL,NULL,NULL,NULL,NULL,NULL,NULL,1,NULL,'2013-05-16 17:09:07',0),(115,113,0,85,4127226,'9273354127_1324226','9273354127_1324226','unknown','no_qc','no_qc',NULL,NULL,NULL,NULL,NULL,NULL,NULL,NULL,1,NULL,'2013-05-16 17:09:07',0),(116,113,0,85,4127226,'9273354127_1324226','9273354127_1324226','unknown','no_qc','no_qc',0,0,NULL,NULL,NULL,NULL,1,1,1,NULL,'2013-05-16 17:09:08',1),(117,117,0,0,NULL,'9273354127_1324206','9273354127_1324206','unknown','no_qc','no_qc',NULL,NULL,NULL,NULL,NULL,NULL,NULL,NULL,1,NULL,'2013-05-16 17:09:08',0),(118,117,0,88,NULL,'9273354127_1324206','9273354127_1324206','unknown','no_qc','no_qc',NULL,NULL,NULL,NULL,NULL,NULL,NULL,NULL,1,NULL,'2013-05-16 17:09:08',0),(119,117,0,88,4127206,'9273354127_1324206','9273354127_1324206','unknown','no_qc','no_qc',NULL,NULL,NULL,NULL,NULL,NULL,NULL,NULL,1,NULL,'2013-05-16 17:09:08',0),(120,117,0,88,4127206,'9273354127_1324206','9273354127_1324206','unknown','no_qc','no_qc',0,0,NULL,NULL,NULL,NULL,1,1,1,NULL,'2013-05-16 17:09:08',1),(121,121,0,0,NULL,'9273354127_1324222','9273354127_1324222','unknown','no_qc','no_qc',NULL,NULL,NULL,NULL,NULL,NULL,NULL,NULL,1,NULL,'2013-05-16 17:09:08',0),(122,121,0,91,NULL,'9273354127_1324222','9273354127_1324222','unknown','no_qc','no_qc',NULL,NULL,NULL,NULL,NULL,NULL,NULL,NULL,1,NULL,'2013-05-16 17:09:08',0),(123,121,0,91,4127222,'9273354127_1324222','9273354127_1324222','unknown','no_qc','no_qc',NULL,NULL,NULL,NULL,NULL,NULL,NULL,NULL,1,NULL,'2013-05-16 17:09:08',0),(124,121,0,91,4127222,'9273354127_1324222','9273354127_1324222','unknown','no_qc','no_qc',0,0,NULL,NULL,NULL,NULL,1,1,1,NULL,'2013-05-16 17:09:08',1),(125,125,0,0,NULL,'9273354127_1324200','9273354127_1324200','unknown','no_qc','no_qc',NULL,NULL,NULL,NULL,NULL,NULL,NULL,NULL,1,NULL,'2013-05-16 17:09:08',0),(126,125,0,94,NULL,'9273354127_1324200','9273354127_1324200','unknown','no_qc','no_qc',NULL,NULL,NULL,NULL,NULL,NULL,NULL,NULL,1,NULL,'2013-05-16 17:09:08',0),(127,125,0,94,4127200,'9273354127_1324200','9273354127_1324200','unknown','no_qc','no_qc',NULL,NULL,NULL,NULL,NULL,NULL,NULL,NULL,1,NULL,'2013-05-16 17:09:08',0),(128,125,0,94,4127200,'9273354127_1324200','9273354127_1324200','unknown','no_qc','no_qc',0,0,NULL,NULL,NULL,NULL,1,1,1,NULL,'2013-05-16 17:09:08',1),(129,129,0,0,NULL,'9273354127_1324217','9273354127_1324217','unknown','no_qc','no_qc',NULL,NULL,NULL,NULL,NULL,NULL,NULL,NULL,1,NULL,'2013-05-16 17:09:08',0),(130,129,0,97,NULL,'9273354127_1324217','9273354127_1324217','unknown','no_qc','no_qc',NULL,NULL,NULL,NULL,NULL,NULL,NULL,NULL,1,NULL,'2013-05-16 17:09:08',0),(131,129,0,97,4127217,'9273354127_1324217','9273354127_1324217','unknown','no_qc','no_qc',NULL,NULL,NULL,NULL,NULL,NULL,NULL,NULL,1,NULL,'2013-05-16 17:09:08',0),(132,129,0,97,4127217,'9273354127_1324217','9273354127_1324217','unknown','no_qc','no_qc',0,0,NULL,NULL,NULL,NULL,1,1,1,NULL,'2013-05-16 17:09:08',1),(133,133,0,0,NULL,'9273354127_1324197','9273354127_1324197','unknown','no_qc','no_qc',NULL,NULL,NULL,NULL,NULL,NULL,NULL,NULL,1,NULL,'2013-05-16 17:09:08',0),(134,133,0,100,NULL,'9273354127_1324197','9273354127_1324197','unknown','no_qc','no_qc',NULL,NULL,NULL,NULL,NULL,NULL,NULL,NULL,1,NULL,'2013-05-16 17:09:08',0),(135,133,0,100,4127197,'9273354127_1324197','9273354127_1324197','unknown','no_qc','no_qc',NULL,NULL,NULL,NULL,NULL,NULL,NULL,NULL,1,NULL,'2013-05-16 17:09:08',0),(136,133,0,100,4127197,'9273354127_1324197','9273354127_1324197','unknown','no_qc','no_qc',0,0,NULL,NULL,NULL,NULL,1,1,1,NULL,'2013-05-16 17:09:08',1),(137,137,0,0,NULL,'9273354127_1324215','9273354127_1324215','unknown','no_qc','no_qc',NULL,NULL,NULL,NULL,NULL,NULL,NULL,NULL,1,NULL,'2013-05-16 17:09:08',0),(138,137,0,103,NULL,'9273354127_1324215','9273354127_1324215','unknown','no_qc','no_qc',NULL,NULL,NULL,NULL,NULL,NULL,NULL,NULL,1,NULL,'2013-05-16 17:09:08',0),(139,137,0,103,4127215,'9273354127_1324215','9273354127_1324215','unknown','no_qc','no_qc',NULL,NULL,NULL,NULL,NULL,NULL,NULL,NULL,1,NULL,'2013-05-16 17:09:08',0),(140,137,0,103,4127215,'9273354127_1324215','9273354127_1324215','unknown','no_qc','no_qc',0,0,NULL,NULL,NULL,NULL,1,1,1,NULL,'2013-05-16 17:09:08',1),(141,141,0,0,NULL,'9273354127_1324195','9273354127_1324195','unknown','no_qc','no_qc',NULL,NULL,NULL,NULL,NULL,NULL,NULL,NULL,1,NULL,'2013-05-16 17:09:08',0),(142,141,0,106,NULL,'9273354127_1324195','9273354127_1324195','unknown','no_qc','no_qc',NULL,NULL,NULL,NULL,NULL,NULL,NULL,NULL,1,NULL,'2013-05-16 17:09:08',0),(143,141,0,106,4127195,'9273354127_1324195','9273354127_1324195','unknown','no_qc','no_qc',NULL,NULL,NULL,NULL,NULL,NULL,NULL,NULL,1,NULL,'2013-05-16 17:09:08',0),(144,141,0,106,4127195,'9273354127_1324195','9273354127_1324195','unknown','no_qc','no_qc',0,0,NULL,NULL,NULL,NULL,1,1,1,NULL,'2013-05-16 17:09:09',1),(145,145,0,0,NULL,'9273354121_1324163','9273354121_1324163','unknown','no_qc','no_qc',NULL,NULL,NULL,NULL,NULL,NULL,NULL,NULL,1,NULL,'2013-05-16 17:09:09',0),(146,145,0,109,NULL,'9273354121_1324163','9273354121_1324163','unknown','no_qc','no_qc',NULL,NULL,NULL,NULL,NULL,NULL,NULL,NULL,1,NULL,'2013-05-16 17:09:09',0),(147,145,0,109,4121163,'9273354121_1324163','9273354121_1324163','unknown','no_qc','no_qc',NULL,NULL,NULL,NULL,NULL,NULL,NULL,NULL,1,NULL,'2013-05-16 17:09:09',0),(148,145,0,109,4121163,'9273354121_1324163','9273354121_1324163','unknown','no_qc','no_qc',0,0,NULL,NULL,NULL,NULL,1,1,1,NULL,'2013-05-16 17:09:09',1),(149,149,0,0,NULL,'9273354121_1559363','9273354121_1559363','unknown','no_qc','no_qc',NULL,NULL,NULL,NULL,NULL,NULL,NULL,NULL,1,NULL,'2013-05-16 17:09:09',0),(150,149,0,112,NULL,'9273354121_1559363','9273354121_1559363','unknown','no_qc','no_qc',NULL,NULL,NULL,NULL,NULL,NULL,NULL,NULL,1,NULL,'2013-05-16 17:09:09',0),(151,149,0,112,4121363,'9273354121_1559363','9273354121_1559363','unknown','no_qc','no_qc',NULL,NULL,NULL,NULL,NULL,NULL,NULL,NULL,1,NULL,'2013-05-16 17:09:09',0),(152,149,0,112,4121363,'9273354121_1559363','9273354121_1559363','unknown','no_qc','no_qc',0,0,NULL,NULL,NULL,NULL,1,1,1,NULL,'2013-05-16 17:09:09',1),(153,153,0,0,NULL,'9273354121_1324162','9273354121_1324162','unknown','no_qc','no_qc',NULL,NULL,NULL,NULL,NULL,NULL,NULL,NULL,1,NULL,'2013-05-16 17:09:09',0),(154,153,0,115,NULL,'9273354121_1324162','9273354121_1324162','unknown','no_qc','no_qc',NULL,NULL,NULL,NULL,NULL,NULL,NULL,NULL,1,NULL,'2013-05-16 17:09:09',0),(155,153,0,115,4121162,'9273354121_1324162','9273354121_1324162','unknown','no_qc','no_qc',NULL,NULL,NULL,NULL,NULL,NULL,NULL,NULL,1,NULL,'2013-05-16 17:09:09',0),(156,153,0,115,4121162,'9273354121_1324162','9273354121_1324162','unknown','no_qc','no_qc',0,0,NULL,NULL,NULL,NULL,1,1,1,NULL,'2013-05-16 17:09:09',1),(157,157,0,0,NULL,'9273354121_1559362','9273354121_1559362','unknown','no_qc','no_qc',NULL,NULL,NULL,NULL,NULL,NULL,NULL,NULL,1,NULL,'2013-05-16 17:09:09',0),(158,157,0,118,NULL,'9273354121_1559362','9273354121_1559362','unknown','no_qc','no_qc',NULL,NULL,NULL,NULL,NULL,NULL,NULL,NULL,1,NULL,'2013-05-16 17:09:09',0),(159,157,0,118,4121362,'9273354121_1559362','9273354121_1559362','unknown','no_qc','no_qc',NULL,NULL,NULL,NULL,NULL,NULL,NULL,NULL,1,NULL,'2013-05-16 17:09:09',0),(160,157,0,118,4121362,'9273354121_1559362','9273354121_1559362','unknown','no_qc','no_qc',0,0,NULL,NULL,NULL,NULL,1,1,1,NULL,'2013-05-16 17:09:09',1),(161,161,0,0,NULL,'9273354121_1324161','9273354121_1324161','unknown','no_qc','no_qc',NULL,NULL,NULL,NULL,NULL,NULL,NULL,NULL,1,NULL,'2013-05-16 17:09:09',0),(162,161,0,121,NULL,'9273354121_1324161','9273354121_1324161','unknown','no_qc','no_qc',NULL,NULL,NULL,NULL,NULL,NULL,NULL,NULL,1,NULL,'2013-05-16 17:09:09',0),(163,161,0,121,4121161,'9273354121_1324161','9273354121_1324161','unknown','no_qc','no_qc',NULL,NULL,NULL,NULL,NULL,NULL,NULL,NULL,1,NULL,'2013-05-16 17:09:09',0),(164,161,0,121,4121161,'9273354121_1324161','9273354121_1324161','unknown','no_qc','no_qc',0,0,NULL,NULL,NULL,NULL,1,1,1,NULL,'2013-05-16 17:09:09',1),(165,165,0,0,NULL,'9273354121_1559361','9273354121_1559361','unknown','no_qc','no_qc',NULL,NULL,NULL,NULL,NULL,NULL,NULL,NULL,1,NULL,'2013-05-16 17:09:09',0),(166,165,0,124,NULL,'9273354121_1559361','9273354121_1559361','unknown','no_qc','no_qc',NULL,NULL,NULL,NULL,NULL,NULL,NULL,NULL,1,NULL,'2013-05-16 17:09:09',0),(167,165,0,124,4121361,'9273354121_1559361','9273354121_1559361','unknown','no_qc','no_qc',NULL,NULL,NULL,NULL,NULL,NULL,NULL,NULL,1,NULL,'2013-05-16 17:09:09',0),(168,165,0,124,4121361,'9273354121_1559361','9273354121_1559361','unknown','no_qc','no_qc',0,0,NULL,NULL,NULL,NULL,1,1,1,NULL,'2013-05-16 17:09:09',1),(169,169,0,0,NULL,'9273354121_1324156','9273354121_1324156','unknown','no_qc','no_qc',NULL,NULL,NULL,NULL,NULL,NULL,NULL,NULL,1,NULL,'2013-05-16 17:09:10',0),(170,169,0,127,NULL,'9273354121_1324156','9273354121_1324156','unknown','no_qc','no_qc',NULL,NULL,NULL,NULL,NULL,NULL,NULL,NULL,1,NULL,'2013-05-16 17:09:10',0),(171,169,0,127,4121156,'9273354121_1324156','9273354121_1324156','unknown','no_qc','no_qc',NULL,NULL,NULL,NULL,NULL,NULL,NULL,NULL,1,NULL,'2013-05-16 17:09:10',0),(172,169,0,127,4121156,'9273354121_1324156','9273354121_1324156','unknown','no_qc','no_qc',0,0,NULL,NULL,NULL,NULL,1,1,1,NULL,'2013-05-16 17:09:10',1),(173,173,0,0,NULL,'9273354121_1559360','9273354121_1559360','unknown','no_qc','no_qc',NULL,NULL,NULL,NULL,NULL,NULL,NULL,NULL,1,NULL,'2013-05-16 17:09:10',0),(174,173,0,130,NULL,'9273354121_1559360','9273354121_1559360','unknown','no_qc','no_qc',NULL,NULL,NULL,NULL,NULL,NULL,NULL,NULL,1,NULL,'2013-05-16 17:09:10',0),(175,173,0,130,4121360,'9273354121_1559360','9273354121_1559360','unknown','no_qc','no_qc',NULL,NULL,NULL,NULL,NULL,NULL,NULL,NULL,1,NULL,'2013-05-16 17:09:10',0),(176,173,0,130,4121360,'9273354121_1559360','9273354121_1559360','unknown','no_qc','no_qc',0,0,NULL,NULL,NULL,NULL,1,1,1,NULL,'2013-05-16 17:09:10',1),(177,177,0,0,NULL,'9273354121_1324154','9273354121_1324154','unknown','no_qc','no_qc',NULL,NULL,NULL,NULL,NULL,NULL,NULL,NULL,1,NULL,'2013-05-16 17:09:10',0),(178,177,0,133,NULL,'9273354121_1324154','9273354121_1324154','unknown','no_qc','no_qc',NULL,NULL,NULL,NULL,NULL,NULL,NULL,NULL,1,NULL,'2013-05-16 17:09:10',0),(179,177,0,133,4121154,'9273354121_1324154','9273354121_1324154','unknown','no_qc','no_qc',NULL,NULL,NULL,NULL,NULL,NULL,NULL,NULL,1,NULL,'2013-05-16 17:09:10',0),(180,177,0,133,4121154,'9273354121_1324154','9273354121_1324154','unknown','no_qc','no_qc',0,0,NULL,NULL,NULL,NULL,1,1,1,NULL,'2013-05-16 17:09:10',1),(181,181,0,0,NULL,'9273354121_1559359','9273354121_1559359','unknown','no_qc','no_qc',NULL,NULL,NULL,NULL,NULL,NULL,NULL,NULL,1,NULL,'2013-05-16 17:09:11',0),(182,181,0,136,NULL,'9273354121_1559359','9273354121_1559359','unknown','no_qc','no_qc',NULL,NULL,NULL,NULL,NULL,NULL,NULL,NULL,1,NULL,'2013-05-16 17:09:11',0),(183,181,0,136,4121359,'9273354121_1559359','9273354121_1559359','unknown','no_qc','no_qc',NULL,NULL,NULL,NULL,NULL,NULL,NULL,NULL,1,NULL,'2013-05-16 17:09:11',0),(184,181,0,136,4121359,'9273354121_1559359','9273354121_1559359','unknown','no_qc','no_qc',0,0,NULL,NULL,NULL,NULL,1,1,1,NULL,'2013-05-16 17:09:11',1),(185,185,0,0,NULL,'9273354121_1559364','9273354121_1559364','unknown','no_qc','no_qc',NULL,NULL,NULL,NULL,NULL,NULL,NULL,NULL,1,NULL,'2013-05-16 17:09:11',0),(186,185,0,139,NULL,'9273354121_1559364','9273354121_1559364','unknown','no_qc','no_qc',NULL,NULL,NULL,NULL,NULL,NULL,NULL,NULL,1,NULL,'2013-05-16 17:09:11',0),(187,185,0,139,4121364,'9273354121_1559364','9273354121_1559364','unknown','no_qc','no_qc',NULL,NULL,NULL,NULL,NULL,NULL,NULL,NULL,1,NULL,'2013-05-16 17:09:11',0),(188,185,0,139,4121364,'9273354121_1559364','9273354121_1559364','unknown','no_qc','no_qc',0,0,NULL,NULL,NULL,NULL,1,1,1,NULL,'2013-05-16 17:09:11',1),(189,189,0,0,NULL,'9273354121_1559358','9273354121_1559358','unknown','no_qc','no_qc',NULL,NULL,NULL,NULL,NULL,NULL,NULL,NULL,1,NULL,'2013-05-16 17:09:11',0),(190,189,0,142,NULL,'9273354121_1559358','9273354121_1559358','unknown','no_qc','no_qc',NULL,NULL,NULL,NULL,NULL,NULL,NULL,NULL,1,NULL,'2013-05-16 17:09:11',0),(191,189,0,142,4121358,'9273354121_1559358','9273354121_1559358','unknown','no_qc','no_qc',NULL,NULL,NULL,NULL,NULL,NULL,NULL,NULL,1,NULL,'2013-05-16 17:09:11',0),(192,189,0,142,4121358,'9273354121_1559358','9273354121_1559358','unknown','no_qc','no_qc',0,0,NULL,NULL,NULL,NULL,1,1,1,NULL,'2013-05-16 17:09:11',1);
/*!40000 ALTER TABLE `library` ENABLE KEYS */;
UNLOCK TABLES;

--
-- Table structure for table `library_multiplex_pool`
--

DROP TABLE IF EXISTS `library_multiplex_pool`;
SET @saved_cs_client     = @@character_set_client;
SET character_set_client = utf8;
CREATE TABLE `library_multiplex_pool` (
  `library_multiplex_pool_id` mediumint(8) unsigned NOT NULL auto_increment,
  `multiplex_pool_id` smallint(5) unsigned NOT NULL default '0',
  `library_id` smallint(5) unsigned NOT NULL default '0',
  PRIMARY KEY  (`library_multiplex_pool_id`),
  KEY `library_multiplex_pool_id` (`library_multiplex_pool_id`)
) ENGINE=InnoDB DEFAULT CHARSET=latin1;
SET character_set_client = @saved_cs_client;

--
-- Dumping data for table `library_multiplex_pool`
--

LOCK TABLES `library_multiplex_pool` WRITE;
/*!40000 ALTER TABLE `library_multiplex_pool` DISABLE KEYS */;
/*!40000 ALTER TABLE `library_multiplex_pool` ENABLE KEYS */;
UNLOCK TABLES;

--
-- Table structure for table `library_request`
--

DROP TABLE IF EXISTS `library_request`;
SET @saved_cs_client     = @@character_set_client;
SET character_set_client = utf8;
CREATE TABLE `library_request` (
  `row_id` int(10) unsigned NOT NULL auto_increment,
  `library_request_id` mediumint(8) unsigned NOT NULL default '0',
  `sample_id` smallint(5) unsigned NOT NULL default '0',
  `ssid` mediumint(8) unsigned default NULL,
  `prep_status` enum('unknown','pending','started','passed','failed','cancelled','hold') default 'unknown',
  `note_id` mediumint(8) unsigned default NULL,
  `changed` datetime NOT NULL default '0000-00-00 00:00:00',
  `latest` tinyint(1) default '0',
  PRIMARY KEY  (`row_id`),
  KEY `library_request_id` (`library_request_id`),
  KEY `ssid` (`ssid`)
) ENGINE=InnoDB DEFAULT CHARSET=latin1;
SET character_set_client = @saved_cs_client;

--
-- Dumping data for table `library_request`
--

LOCK TABLES `library_request` WRITE;
/*!40000 ALTER TABLE `library_request` DISABLE KEYS */;
/*!40000 ALTER TABLE `library_request` ENABLE KEYS */;
UNLOCK TABLES;

--
-- Table structure for table `library_type`
--

DROP TABLE IF EXISTS `library_type`;
SET @saved_cs_client     = @@character_set_client;
SET character_set_client = utf8;
CREATE TABLE `library_type` (
  `library_type_id` smallint(5) unsigned NOT NULL auto_increment,
  `name` varchar(255) NOT NULL default '',
  PRIMARY KEY  (`library_type_id`)
) ENGINE=InnoDB DEFAULT CHARSET=latin1;
SET character_set_client = @saved_cs_client;

--
-- Dumping data for table `library_type`
--

LOCK TABLES `library_type` WRITE;
/*!40000 ALTER TABLE `library_type` DISABLE KEYS */;
/*!40000 ALTER TABLE `library_type` ENABLE KEYS */;
UNLOCK TABLES;

--
-- Table structure for table `mapper`
--

DROP TABLE IF EXISTS `mapper`;
SET @saved_cs_client     = @@character_set_client;
SET character_set_client = utf8;
CREATE TABLE `mapper` (
  `mapper_id` smallint(5) unsigned NOT NULL auto_increment,
  `name` varchar(255) NOT NULL default '',
  `version` varchar(40) NOT NULL default '0',
  PRIMARY KEY  (`mapper_id`),
  UNIQUE KEY `name_v` (`name`,`version`)
) ENGINE=InnoDB DEFAULT CHARSET=latin1;
SET character_set_client = @saved_cs_client;

--
-- Dumping data for table `mapper`
--

LOCK TABLES `mapper` WRITE;
/*!40000 ALTER TABLE `mapper` DISABLE KEYS */;
/*!40000 ALTER TABLE `mapper` ENABLE KEYS */;
UNLOCK TABLES;

--
-- Table structure for table `mapstats`
--

DROP TABLE IF EXISTS `mapstats`;
SET @saved_cs_client     = @@character_set_client;
SET character_set_client = utf8;
CREATE TABLE `mapstats` (
  `row_id` int(10) unsigned NOT NULL auto_increment,
  `mapstats_id` mediumint(8) unsigned NOT NULL default '0',
  `lane_id` mediumint(8) unsigned NOT NULL default '0',
  `mapper_id` smallint(5) unsigned default NULL,
  `assembly_id` smallint(5) unsigned default NULL,
  `raw_reads` bigint(20) unsigned default NULL,
  `raw_bases` bigint(20) unsigned default NULL,
  `clip_bases` bigint(20) unsigned default NULL,
  `reads_mapped` bigint(20) unsigned default NULL,
  `reads_paired` bigint(20) unsigned default NULL,
  `bases_mapped` bigint(20) unsigned default NULL,
  `rmdup_reads_mapped` bigint(20) unsigned default NULL,
  `rmdup_bases_mapped` bigint(20) unsigned default NULL,
  `adapter_reads` bigint(20) unsigned default NULL,
  `error_rate` float unsigned default NULL,
  `mean_insert` float unsigned default NULL,
  `sd_insert` float unsigned default NULL,
  `gt_expected` varchar(40) default NULL,
  `gt_found` varchar(40) default NULL,
  `gt_ratio` float unsigned default NULL,
  `note_id` mediumint(8) unsigned default NULL,
  `changed` datetime NOT NULL default '0000-00-00 00:00:00',
  `latest` tinyint(1) default '0',
  `bait_near_bases_mapped` bigint(20) unsigned default NULL,
  `target_near_bases_mapped` bigint(20) unsigned default NULL,
  `bait_bases_mapped` bigint(20) unsigned default NULL,
  `mean_bait_coverage` float unsigned default NULL,
  `bait_coverage_sd` float unsigned default NULL,
  `off_bait_bases` bigint(20) unsigned default NULL,
  `reads_on_bait` bigint(20) unsigned default NULL,
  `reads_on_bait_near` bigint(20) unsigned default NULL,
  `reads_on_target` bigint(20) unsigned default NULL,
  `reads_on_target_near` bigint(20) unsigned default NULL,
  `target_bases_mapped` bigint(20) unsigned default NULL,
  `mean_target_coverage` float unsigned default NULL,
  `target_coverage_sd` float unsigned default NULL,
  `target_bases_1X` float unsigned default NULL,
  `target_bases_2X` float unsigned default NULL,
  `target_bases_5X` float unsigned default NULL,
  `target_bases_10X` float unsigned default NULL,
  `target_bases_20X` float unsigned default NULL,
  `target_bases_50X` float unsigned default NULL,
  `target_bases_100X` float unsigned default NULL,
  `exome_design_id` smallint(5) unsigned default NULL,
  `percentage_reads_with_transposon` float unsigned default NULL,
  `is_qc` tinyint(1) default '0',
  `prefix` varchar(40) default '_',
  PRIMARY KEY  (`row_id`),
  KEY `mapstats_id` (`mapstats_id`),
  KEY `lane_id` (`lane_id`)
) ENGINE=InnoDB DEFAULT CHARSET=latin1;
SET character_set_client = @saved_cs_client;

--
-- Dumping data for table `mapstats`
--

LOCK TABLES `mapstats` WRITE;
/*!40000 ALTER TABLE `mapstats` DISABLE KEYS */;
/*!40000 ALTER TABLE `mapstats` ENABLE KEYS */;
UNLOCK TABLES;

--
-- Table structure for table `multiplex_pool`
--

DROP TABLE IF EXISTS `multiplex_pool`;
SET @saved_cs_client     = @@character_set_client;
SET character_set_client = utf8;
CREATE TABLE `multiplex_pool` (
  `multiplex_pool_id` mediumint(8) unsigned NOT NULL auto_increment,
  `ssid` mediumint(8) unsigned default NULL,
  `name` varchar(255) NOT NULL default '',
  `note_id` mediumint(8) unsigned default NULL,
  PRIMARY KEY  (`multiplex_pool_id`),
  UNIQUE KEY `ssid` (`ssid`),
  KEY `multiplex_pool_id` (`multiplex_pool_id`),
  KEY `name` (`name`)
) ENGINE=InnoDB DEFAULT CHARSET=latin1;
SET character_set_client = @saved_cs_client;

--
-- Dumping data for table `multiplex_pool`
--

LOCK TABLES `multiplex_pool` WRITE;
/*!40000 ALTER TABLE `multiplex_pool` DISABLE KEYS */;
/*!40000 ALTER TABLE `multiplex_pool` ENABLE KEYS */;
UNLOCK TABLES;

--
-- Table structure for table `note`
--

DROP TABLE IF EXISTS `note`;
SET @saved_cs_client     = @@character_set_client;
SET character_set_client = utf8;
CREATE TABLE `note` (
  `note_id` mediumint(8) unsigned NOT NULL auto_increment,
  `note` text,
  PRIMARY KEY  (`note_id`)
) ENGINE=InnoDB DEFAULT CHARSET=latin1;
SET character_set_client = @saved_cs_client;

--
-- Dumping data for table `note`
--

LOCK TABLES `note` WRITE;
/*!40000 ALTER TABLE `note` DISABLE KEYS */;
/*!40000 ALTER TABLE `note` ENABLE KEYS */;
UNLOCK TABLES;

--
-- Table structure for table `population`
--

DROP TABLE IF EXISTS `population`;
SET @saved_cs_client     = @@character_set_client;
SET character_set_client = utf8;
CREATE TABLE `population` (
  `population_id` smallint(5) unsigned NOT NULL auto_increment,
  `name` varchar(255) NOT NULL default '',
  PRIMARY KEY  (`population_id`)
) ENGINE=InnoDB DEFAULT CHARSET=latin1;
SET character_set_client = @saved_cs_client;

--
-- Dumping data for table `population`
--

LOCK TABLES `population` WRITE;
/*!40000 ALTER TABLE `population` DISABLE KEYS */;
INSERT INTO `population` VALUES (1,'Population');
/*!40000 ALTER TABLE `population` ENABLE KEYS */;
UNLOCK TABLES;

--
-- Table structure for table `project`
--

DROP TABLE IF EXISTS `project`;
SET @saved_cs_client     = @@character_set_client;
SET character_set_client = utf8;
CREATE TABLE `project` (
  `row_id` int(10) unsigned NOT NULL auto_increment,
  `project_id` smallint(5) unsigned NOT NULL default '0',
  `ssid` mediumint(8) unsigned default NULL,
  `name` varchar(255) NOT NULL default '',
  `hierarchy_name` varchar(255) NOT NULL default '',
  `study_id` smallint(5) default NULL,
  `note_id` mediumint(8) unsigned default NULL,
  `changed` datetime NOT NULL default '0000-00-00 00:00:00',
  `latest` tinyint(1) default '0',
  PRIMARY KEY  (`row_id`),
  KEY `project_id` (`project_id`),
  KEY `ssid` (`ssid`),
  KEY `latest` (`latest`),
  KEY `hierarchy_name` (`hierarchy_name`),
  KEY `name` (`name`)
) ENGINE=InnoDB DEFAULT CHARSET=latin1;
SET character_set_client = @saved_cs_client;

--
-- Dumping data for table `project`
--

LOCK TABLES `project` WRITE;
/*!40000 ALTER TABLE `project` DISABLE KEYS */;
INSERT INTO `project` VALUES (1,1,NULL,'HapMap Collection','HapMap_Collection',NULL,NULL,'2013-05-16 17:09:03',0),(2,1,2032,'HapMap Collection','HapMap_Collection',NULL,NULL,'2013-05-16 17:09:03',0),(3,1,2032,'HapMap Collection','HapMap_Collection',1,NULL,'2013-05-16 17:09:03',1),(4,4,NULL,'HipSci_QC1_Pilot','HipSci_QC1_Pilot',NULL,NULL,'2013-05-16 17:09:04',0),(5,4,2520,'HipSci_QC1_Pilot','HipSci_QC1_Pilot',NULL,NULL,'2013-05-16 17:09:04',0),(6,4,2520,'HipSci_QC1_Pilot','HipSci_QC1_Pilot',2,NULL,'2013-05-16 17:09:04',1);
/*!40000 ALTER TABLE `project` ENABLE KEYS */;
UNLOCK TABLES;

--
-- Table structure for table `sample`
--

DROP TABLE IF EXISTS `sample`;
SET @saved_cs_client     = @@character_set_client;
SET character_set_client = utf8;
CREATE TABLE `sample` (
  `row_id` int(10) unsigned NOT NULL auto_increment,
  `sample_id` smallint(5) unsigned NOT NULL default '0',
  `project_id` smallint(5) unsigned NOT NULL default '0',
  `ssid` mediumint(8) unsigned default NULL,
  `name` varchar(255) NOT NULL default '',
  `hierarchy_name` varchar(40) NOT NULL default '',
  `individual_id` smallint(5) unsigned default NULL,
  `note_id` mediumint(8) unsigned default NULL,
  `changed` datetime NOT NULL default '0000-00-00 00:00:00',
  `latest` tinyint(1) default '0',
  PRIMARY KEY  (`row_id`),
  KEY `sample_id` (`sample_id`),
  KEY `ssid` (`ssid`),
  KEY `latest` (`latest`),
  KEY `project_id` (`project_id`),
  KEY `name` (`name`)
) ENGINE=InnoDB DEFAULT CHARSET=latin1;
SET character_set_client = @saved_cs_client;

--
-- Dumping data for table `sample`
--

LOCK TABLES `sample` WRITE;
/*!40000 ALTER TABLE `sample` DISABLE KEYS */;
INSERT INTO `sample` VALUES (1,1,0,NULL,'271298_H03_HAPMAP5265740','271298_H03_HAPMAP5265740',NULL,NULL,'2013-05-16 17:09:04',0),(2,1,1,NULL,'271298_H03_HAPMAP5265740','271298_H03_HAPMAP5265740',NULL,NULL,'2013-05-16 17:09:04',0),(3,1,1,1324177,'271298_H03_HAPMAP5265740','271298_H03_HAPMAP5265740',1,NULL,'2013-05-16 17:09:04',1),(4,4,0,NULL,'271298_B03_hipscigt5466711','271298_B03_hipscigt5466711',NULL,NULL,'2013-05-16 17:09:04',0),(5,4,4,NULL,'271298_B03_hipscigt5466711','271298_B03_hipscigt5466711',NULL,NULL,'2013-05-16 17:09:04',0),(6,4,4,1559363,'271298_B03_hipscigt5466711','271298_B03_hipscigt5466711',2,NULL,'2013-05-16 17:09:04',1),(7,7,0,NULL,'271298_G03_HAPMAP5265739','271298_G03_HAPMAP5265739',NULL,NULL,'2013-05-16 17:09:05',0),(8,7,1,NULL,'271298_G03_HAPMAP5265739','271298_G03_HAPMAP5265739',NULL,NULL,'2013-05-16 17:09:05',0),(9,7,1,1324174,'271298_G03_HAPMAP5265739','271298_G03_HAPMAP5265739',3,NULL,'2013-05-16 17:09:05',1),(10,10,0,NULL,'271298_A03_hipscigt5466710','271298_A03_hipscigt5466710',NULL,NULL,'2013-05-16 17:09:05',0),(11,10,4,NULL,'271298_A03_hipscigt5466710','271298_A03_hipscigt5466710',NULL,NULL,'2013-05-16 17:09:05',0),(12,10,4,1559362,'271298_A03_hipscigt5466710','271298_A03_hipscigt5466710',4,NULL,'2013-05-16 17:09:05',1),(13,13,0,NULL,'271298_F03_HAPMAP5265738','271298_F03_HAPMAP5265738',NULL,NULL,'2013-05-16 17:09:05',0),(14,13,1,NULL,'271298_F03_HAPMAP5265738','271298_F03_HAPMAP5265738',NULL,NULL,'2013-05-16 17:09:05',0),(15,13,1,1324171,'271298_F03_HAPMAP5265738','271298_F03_HAPMAP5265738',5,NULL,'2013-05-16 17:09:05',1),(16,16,0,NULL,'271298_H02_hipscigt5466709','271298_H02_hipscigt5466709',NULL,NULL,'2013-05-16 17:09:05',0),(17,16,4,NULL,'271298_H02_hipscigt5466709','271298_H02_hipscigt5466709',NULL,NULL,'2013-05-16 17:09:05',0),(18,16,4,1559361,'271298_H02_hipscigt5466709','271298_H02_hipscigt5466709',6,NULL,'2013-05-16 17:09:05',1),(19,19,0,NULL,'271298_E03_HAPMAP5265736','271298_E03_HAPMAP5265736',NULL,NULL,'2013-05-16 17:09:05',0),(20,19,1,NULL,'271298_E03_HAPMAP5265736','271298_E03_HAPMAP5265736',NULL,NULL,'2013-05-16 17:09:05',0),(21,19,1,1324165,'271298_E03_HAPMAP5265736','271298_E03_HAPMAP5265736',7,NULL,'2013-05-16 17:09:05',1),(22,22,0,NULL,'271298_G02_hipscigt5466708','271298_G02_hipscigt5466708',NULL,NULL,'2013-05-16 17:09:05',0),(23,22,4,NULL,'271298_G02_hipscigt5466708','271298_G02_hipscigt5466708',NULL,NULL,'2013-05-16 17:09:05',0),(24,22,4,1559360,'271298_G02_hipscigt5466708','271298_G02_hipscigt5466708',8,NULL,'2013-05-16 17:09:05',1),(25,25,0,NULL,'271298_D03_HAPMAP5265735','271298_D03_HAPMAP5265735',NULL,NULL,'2013-05-16 17:09:05',0),(26,25,1,NULL,'271298_D03_HAPMAP5265735','271298_D03_HAPMAP5265735',NULL,NULL,'2013-05-16 17:09:05',0),(27,25,1,1324164,'271298_D03_HAPMAP5265735','271298_D03_HAPMAP5265735',9,NULL,'2013-05-16 17:09:05',1),(28,28,0,NULL,'271298_F02_hipscigt5466707','271298_F02_hipscigt5466707',NULL,NULL,'2013-05-16 17:09:05',0),(29,28,4,NULL,'271298_F02_hipscigt5466707','271298_F02_hipscigt5466707',NULL,NULL,'2013-05-16 17:09:05',0),(30,28,4,1559359,'271298_F02_hipscigt5466707','271298_F02_hipscigt5466707',10,NULL,'2013-05-16 17:09:05',1),(31,31,0,NULL,'271298_C03_hipscigt5466712','271298_C03_hipscigt5466712',NULL,NULL,'2013-05-16 17:09:05',0),(32,31,4,NULL,'271298_C03_hipscigt5466712','271298_C03_hipscigt5466712',NULL,NULL,'2013-05-16 17:09:05',0),(33,31,4,1559364,'271298_C03_hipscigt5466712','271298_C03_hipscigt5466712',11,NULL,'2013-05-16 17:09:05',1),(34,34,0,NULL,'271298_E02_hipscigt5466706','271298_E02_hipscigt5466706',NULL,NULL,'2013-05-16 17:09:05',0),(35,34,4,NULL,'271298_E02_hipscigt5466706','271298_E02_hipscigt5466706',NULL,NULL,'2013-05-16 17:09:05',0),(36,34,4,1559358,'271298_E02_hipscigt5466706','271298_E02_hipscigt5466706',12,NULL,'2013-05-16 17:09:05',1),(37,37,0,NULL,'271298_D05_HAPMAP5265746','271298_D05_HAPMAP5265746',NULL,NULL,'2013-05-16 17:09:06',0),(38,37,1,NULL,'271298_D05_HAPMAP5265746','271298_D05_HAPMAP5265746',NULL,NULL,'2013-05-16 17:09:06',0),(39,37,1,1324194,'271298_D05_HAPMAP5265746','271298_D05_HAPMAP5265746',13,NULL,'2013-05-16 17:09:06',1),(40,40,0,NULL,'271298_F04_hipscigt5466711','271298_F04_hipscigt5466711',NULL,NULL,'2013-05-16 17:09:06',0),(41,40,4,NULL,'271298_F04_hipscigt5466711','271298_F04_hipscigt5466711',NULL,NULL,'2013-05-16 17:09:06',0),(42,40,4,1559363,'271298_F04_hipscigt5466711','271298_F04_hipscigt5466711',2,NULL,'2013-05-16 17:09:06',1),(43,43,0,NULL,'271298_C05_HAPMAP5265745','271298_C05_HAPMAP5265745',NULL,NULL,'2013-05-16 17:09:06',0),(44,43,1,NULL,'271298_C05_HAPMAP5265745','271298_C05_HAPMAP5265745',NULL,NULL,'2013-05-16 17:09:06',0),(45,43,1,1324190,'271298_C05_HAPMAP5265745','271298_C05_HAPMAP5265745',14,NULL,'2013-05-16 17:09:06',1),(46,46,0,NULL,'271298_E04_hipscigt5466710','271298_E04_hipscigt5466710',NULL,NULL,'2013-05-16 17:09:06',0),(47,46,4,NULL,'271298_E04_hipscigt5466710','271298_E04_hipscigt5466710',NULL,NULL,'2013-05-16 17:09:06',0),(48,46,4,1559362,'271298_E04_hipscigt5466710','271298_E04_hipscigt5466710',4,NULL,'2013-05-16 17:09:06',1),(49,49,0,NULL,'271298_B05_HAPMAP5265744','271298_B05_HAPMAP5265744',NULL,NULL,'2013-05-16 17:09:06',0),(50,49,1,NULL,'271298_B05_HAPMAP5265744','271298_B05_HAPMAP5265744',NULL,NULL,'2013-05-16 17:09:06',0),(51,49,1,1324187,'271298_B05_HAPMAP5265744','271298_B05_HAPMAP5265744',15,NULL,'2013-05-16 17:09:06',1),(52,52,0,NULL,'271298_D04_hipscigt5466709','271298_D04_hipscigt5466709',NULL,NULL,'2013-05-16 17:09:06',0),(53,52,4,NULL,'271298_D04_hipscigt5466709','271298_D04_hipscigt5466709',NULL,NULL,'2013-05-16 17:09:06',0),(54,52,4,1559361,'271298_D04_hipscigt5466709','271298_D04_hipscigt5466709',6,NULL,'2013-05-16 17:09:06',1),(55,55,0,NULL,'271298_A05_HAPMAP5265743','271298_A05_HAPMAP5265743',NULL,NULL,'2013-05-16 17:09:06',0),(56,55,1,NULL,'271298_A05_HAPMAP5265743','271298_A05_HAPMAP5265743',NULL,NULL,'2013-05-16 17:09:06',0),(57,55,1,1324184,'271298_A05_HAPMAP5265743','271298_A05_HAPMAP5265743',16,NULL,'2013-05-16 17:09:06',1),(58,58,0,NULL,'271298_C04_hipscigt5466708','271298_C04_hipscigt5466708',NULL,NULL,'2013-05-16 17:09:06',0),(59,58,4,NULL,'271298_C04_hipscigt5466708','271298_C04_hipscigt5466708',NULL,NULL,'2013-05-16 17:09:06',0),(60,58,4,1559360,'271298_C04_hipscigt5466708','271298_C04_hipscigt5466708',8,NULL,'2013-05-16 17:09:06',1),(61,61,0,NULL,'271298_H04_HAPMAP5265741','271298_H04_HAPMAP5265741',NULL,NULL,'2013-05-16 17:09:06',0),(62,61,1,NULL,'271298_H04_HAPMAP5265741','271298_H04_HAPMAP5265741',NULL,NULL,'2013-05-16 17:09:06',0),(63,61,1,1324179,'271298_H04_HAPMAP5265741','271298_H04_HAPMAP5265741',17,NULL,'2013-05-16 17:09:06',1),(64,64,0,NULL,'271298_B04_hipscigt5466707','271298_B04_hipscigt5466707',NULL,NULL,'2013-05-16 17:09:07',0),(65,64,4,NULL,'271298_B04_hipscigt5466707','271298_B04_hipscigt5466707',NULL,NULL,'2013-05-16 17:09:07',0),(66,64,4,1559359,'271298_B04_hipscigt5466707','271298_B04_hipscigt5466707',10,NULL,'2013-05-16 17:09:07',1),(67,67,0,NULL,'271298_G04_hipscigt5466712','271298_G04_hipscigt5466712',NULL,NULL,'2013-05-16 17:09:07',0),(68,67,4,NULL,'271298_G04_hipscigt5466712','271298_G04_hipscigt5466712',NULL,NULL,'2013-05-16 17:09:07',0),(69,67,4,1559364,'271298_G04_hipscigt5466712','271298_G04_hipscigt5466712',11,NULL,'2013-05-16 17:09:07',1),(70,70,0,NULL,'271298_A04_hipscigt5466706','271298_A04_hipscigt5466706',NULL,NULL,'2013-05-16 17:09:07',0),(71,70,4,NULL,'271298_A04_hipscigt5466706','271298_A04_hipscigt5466706',NULL,NULL,'2013-05-16 17:09:07',0),(72,70,4,1559358,'271298_A04_hipscigt5466706','271298_A04_hipscigt5466706',12,NULL,'2013-05-16 17:09:07',1),(73,73,0,NULL,'271298_H06_HAPMAP5265758','271298_H06_HAPMAP5265758',NULL,NULL,'2013-05-16 17:09:07',0),(74,73,1,NULL,'271298_H06_HAPMAP5265758','271298_H06_HAPMAP5265758',NULL,NULL,'2013-05-16 17:09:07',0),(75,73,1,1324230,'271298_H06_HAPMAP5265758','271298_H06_HAPMAP5265758',18,NULL,'2013-05-16 17:09:07',1),(76,76,0,NULL,'271298_B06_HAPMAP5265752','271298_B06_HAPMAP5265752',NULL,NULL,'2013-05-16 17:09:07',0),(77,76,1,NULL,'271298_B06_HAPMAP5265752','271298_B06_HAPMAP5265752',NULL,NULL,'2013-05-16 17:09:07',0),(78,76,1,1324212,'271298_B06_HAPMAP5265752','271298_B06_HAPMAP5265752',19,NULL,'2013-05-16 17:09:07',1),(79,79,0,NULL,'271298_G06_HAPMAP5265757','271298_G06_HAPMAP5265757',NULL,NULL,'2013-05-16 17:09:07',0),(80,79,1,NULL,'271298_G06_HAPMAP5265757','271298_G06_HAPMAP5265757',NULL,NULL,'2013-05-16 17:09:07',0),(81,79,1,1324228,'271298_G06_HAPMAP5265757','271298_G06_HAPMAP5265757',20,NULL,'2013-05-16 17:09:07',1),(82,82,0,NULL,'271298_A06_HAPMAP5265751','271298_A06_HAPMAP5265751',NULL,NULL,'2013-05-16 17:09:07',0),(83,82,1,NULL,'271298_A06_HAPMAP5265751','271298_A06_HAPMAP5265751',NULL,NULL,'2013-05-16 17:09:07',0),(84,82,1,1324210,'271298_A06_HAPMAP5265751','271298_A06_HAPMAP5265751',21,NULL,'2013-05-16 17:09:07',1),(85,85,0,NULL,'271298_F06_HAPMAP5265756','271298_F06_HAPMAP5265756',NULL,NULL,'2013-05-16 17:09:07',0),(86,85,1,NULL,'271298_F06_HAPMAP5265756','271298_F06_HAPMAP5265756',NULL,NULL,'2013-05-16 17:09:07',0),(87,85,1,1324226,'271298_F06_HAPMAP5265756','271298_F06_HAPMAP5265756',22,NULL,'2013-05-16 17:09:07',1),(88,88,0,NULL,'271298_H05_HAPMAP5265750','271298_H05_HAPMAP5265750',NULL,NULL,'2013-05-16 17:09:08',0),(89,88,1,NULL,'271298_H05_HAPMAP5265750','271298_H05_HAPMAP5265750',NULL,NULL,'2013-05-16 17:09:08',0),(90,88,1,1324206,'271298_H05_HAPMAP5265750','271298_H05_HAPMAP5265750',23,NULL,'2013-05-16 17:09:08',1),(91,91,0,NULL,'271298_E06_HAPMAP5265755','271298_E06_HAPMAP5265755',NULL,NULL,'2013-05-16 17:09:08',0),(92,91,1,NULL,'271298_E06_HAPMAP5265755','271298_E06_HAPMAP5265755',NULL,NULL,'2013-05-16 17:09:08',0),(93,91,1,1324222,'271298_E06_HAPMAP5265755','271298_E06_HAPMAP5265755',24,NULL,'2013-05-16 17:09:08',1),(94,94,0,NULL,'271298_G05_HAPMAP5265749','271298_G05_HAPMAP5265749',NULL,NULL,'2013-05-16 17:09:08',0),(95,94,1,NULL,'271298_G05_HAPMAP5265749','271298_G05_HAPMAP5265749',NULL,NULL,'2013-05-16 17:09:08',0),(96,94,1,1324200,'271298_G05_HAPMAP5265749','271298_G05_HAPMAP5265749',25,NULL,'2013-05-16 17:09:08',1),(97,97,0,NULL,'271298_D06_HAPMAP5265754','271298_D06_HAPMAP5265754',NULL,NULL,'2013-05-16 17:09:08',0),(98,97,1,NULL,'271298_D06_HAPMAP5265754','271298_D06_HAPMAP5265754',NULL,NULL,'2013-05-16 17:09:08',0),(99,97,1,1324217,'271298_D06_HAPMAP5265754','271298_D06_HAPMAP5265754',26,NULL,'2013-05-16 17:09:08',1),(100,100,0,NULL,'271298_F05_HAPMAP5265748','271298_F05_HAPMAP5265748',NULL,NULL,'2013-05-16 17:09:08',0),(101,100,1,NULL,'271298_F05_HAPMAP5265748','271298_F05_HAPMAP5265748',NULL,NULL,'2013-05-16 17:09:08',0),(102,100,1,1324197,'271298_F05_HAPMAP5265748','271298_F05_HAPMAP5265748',27,NULL,'2013-05-16 17:09:08',1),(103,103,0,NULL,'271298_C06_HAPMAP5265753','271298_C06_HAPMAP5265753',NULL,NULL,'2013-05-16 17:09:08',0),(104,103,1,NULL,'271298_C06_HAPMAP5265753','271298_C06_HAPMAP5265753',NULL,NULL,'2013-05-16 17:09:08',0),(105,103,1,1324215,'271298_C06_HAPMAP5265753','271298_C06_HAPMAP5265753',28,NULL,'2013-05-16 17:09:08',1),(106,106,0,NULL,'271298_E05_HAPMAP5265747','271298_E05_HAPMAP5265747',NULL,NULL,'2013-05-16 17:09:08',0),(107,106,1,NULL,'271298_E05_HAPMAP5265747','271298_E05_HAPMAP5265747',NULL,NULL,'2013-05-16 17:09:08',0),(108,106,1,1324195,'271298_E05_HAPMAP5265747','271298_E05_HAPMAP5265747',29,NULL,'2013-05-16 17:09:08',1),(109,109,0,NULL,'271298_D02_HAPMAP5265734','271298_D02_HAPMAP5265734',NULL,NULL,'2013-05-16 17:09:09',0),(110,109,1,NULL,'271298_D02_HAPMAP5265734','271298_D02_HAPMAP5265734',NULL,NULL,'2013-05-16 17:09:09',0),(111,109,1,1324163,'271298_D02_HAPMAP5265734','271298_D02_HAPMAP5265734',30,NULL,'2013-05-16 17:09:09',1),(112,112,0,NULL,'271298_F01_hipscigt5466711','271298_F01_hipscigt5466711',NULL,NULL,'2013-05-16 17:09:09',0),(113,112,4,NULL,'271298_F01_hipscigt5466711','271298_F01_hipscigt5466711',NULL,NULL,'2013-05-16 17:09:09',0),(114,112,4,1559363,'271298_F01_hipscigt5466711','271298_F01_hipscigt5466711',2,NULL,'2013-05-16 17:09:09',1),(115,115,0,NULL,'271298_C02_HAPMAP5265733','271298_C02_HAPMAP5265733',NULL,NULL,'2013-05-16 17:09:09',0),(116,115,1,NULL,'271298_C02_HAPMAP5265733','271298_C02_HAPMAP5265733',NULL,NULL,'2013-05-16 17:09:09',0),(117,115,1,1324162,'271298_C02_HAPMAP5265733','271298_C02_HAPMAP5265733',31,NULL,'2013-05-16 17:09:09',1),(118,118,0,NULL,'271298_E01_hipscigt5466710','271298_E01_hipscigt5466710',NULL,NULL,'2013-05-16 17:09:09',0),(119,118,4,NULL,'271298_E01_hipscigt5466710','271298_E01_hipscigt5466710',NULL,NULL,'2013-05-16 17:09:09',0),(120,118,4,1559362,'271298_E01_hipscigt5466710','271298_E01_hipscigt5466710',4,NULL,'2013-05-16 17:09:09',1),(121,121,0,NULL,'271298_B02_HAPMAP5265732','271298_B02_HAPMAP5265732',NULL,NULL,'2013-05-16 17:09:09',0),(122,121,1,NULL,'271298_B02_HAPMAP5265732','271298_B02_HAPMAP5265732',NULL,NULL,'2013-05-16 17:09:09',0),(123,121,1,1324161,'271298_B02_HAPMAP5265732','271298_B02_HAPMAP5265732',32,NULL,'2013-05-16 17:09:09',1),(124,124,0,NULL,'271298_D01_hipscigt5466709','271298_D01_hipscigt5466709',NULL,NULL,'2013-05-16 17:09:09',0),(125,124,4,NULL,'271298_D01_hipscigt5466709','271298_D01_hipscigt5466709',NULL,NULL,'2013-05-16 17:09:09',0),(126,124,4,1559361,'271298_D01_hipscigt5466709','271298_D01_hipscigt5466709',6,NULL,'2013-05-16 17:09:09',1),(127,127,0,NULL,'271298_A02_HAPMAP5265731','271298_A02_HAPMAP5265731',NULL,NULL,'2013-05-16 17:09:10',0),(128,127,1,NULL,'271298_A02_HAPMAP5265731','271298_A02_HAPMAP5265731',NULL,NULL,'2013-05-16 17:09:10',0),(129,127,1,1324156,'271298_A02_HAPMAP5265731','271298_A02_HAPMAP5265731',33,NULL,'2013-05-16 17:09:10',1),(130,130,0,NULL,'271298_C01_hipscigt5466708','271298_C01_hipscigt5466708',NULL,NULL,'2013-05-16 17:09:10',0),(131,130,4,NULL,'271298_C01_hipscigt5466708','271298_C01_hipscigt5466708',NULL,NULL,'2013-05-16 17:09:10',0),(132,130,4,1559360,'271298_C01_hipscigt5466708','271298_C01_hipscigt5466708',8,NULL,'2013-05-16 17:09:10',1),(133,133,0,NULL,'271298_H01_HAPMAP5265730','271298_H01_HAPMAP5265730',NULL,NULL,'2013-05-16 17:09:10',0),(134,133,1,NULL,'271298_H01_HAPMAP5265730','271298_H01_HAPMAP5265730',NULL,NULL,'2013-05-16 17:09:10',0),(135,133,1,1324154,'271298_H01_HAPMAP5265730','271298_H01_HAPMAP5265730',34,NULL,'2013-05-16 17:09:10',1),(136,136,0,NULL,'271298_B01_hipscigt5466707','271298_B01_hipscigt5466707',NULL,NULL,'2013-05-16 17:09:11',0),(137,136,4,NULL,'271298_B01_hipscigt5466707','271298_B01_hipscigt5466707',NULL,NULL,'2013-05-16 17:09:11',0),(138,136,4,1559359,'271298_B01_hipscigt5466707','271298_B01_hipscigt5466707',10,NULL,'2013-05-16 17:09:11',1),(139,139,0,NULL,'271298_G01_hipscigt5466712','271298_G01_hipscigt5466712',NULL,NULL,'2013-05-16 17:09:11',0),(140,139,4,NULL,'271298_G01_hipscigt5466712','271298_G01_hipscigt5466712',NULL,NULL,'2013-05-16 17:09:11',0),(141,139,4,1559364,'271298_G01_hipscigt5466712','271298_G01_hipscigt5466712',11,NULL,'2013-05-16 17:09:11',1),(142,142,0,NULL,'271298_A01_hipscigt5466706','271298_A01_hipscigt5466706',NULL,NULL,'2013-05-16 17:09:11',0),(143,142,4,NULL,'271298_A01_hipscigt5466706','271298_A01_hipscigt5466706',NULL,NULL,'2013-05-16 17:09:11',0),(144,142,4,1559358,'271298_A01_hipscigt5466706','271298_A01_hipscigt5466706',12,NULL,'2013-05-16 17:09:11',1);
/*!40000 ALTER TABLE `sample` ENABLE KEYS */;
UNLOCK TABLES;

--
-- Table structure for table `schema_version`
--

DROP TABLE IF EXISTS `schema_version`;
SET @saved_cs_client     = @@character_set_client;
SET character_set_client = utf8;
CREATE TABLE `schema_version` (
  `schema_version` mediumint(8) unsigned NOT NULL,
  PRIMARY KEY  (`schema_version`)
) ENGINE=InnoDB DEFAULT CHARSET=latin1;
SET character_set_client = @saved_cs_client;

--
-- Dumping data for table `schema_version`
--

LOCK TABLES `schema_version` WRITE;
/*!40000 ALTER TABLE `schema_version` DISABLE KEYS */;
INSERT INTO `schema_version` VALUES (24);
/*!40000 ALTER TABLE `schema_version` ENABLE KEYS */;
UNLOCK TABLES;

--
-- Table structure for table `seq_centre`
--

DROP TABLE IF EXISTS `seq_centre`;
SET @saved_cs_client     = @@character_set_client;
SET character_set_client = utf8;
CREATE TABLE `seq_centre` (
  `seq_centre_id` smallint(5) unsigned NOT NULL auto_increment,
  `name` varchar(255) NOT NULL default '',
  PRIMARY KEY  (`seq_centre_id`)
) ENGINE=InnoDB DEFAULT CHARSET=latin1;
SET character_set_client = @saved_cs_client;

--
-- Dumping data for table `seq_centre`
--

LOCK TABLES `seq_centre` WRITE;
/*!40000 ALTER TABLE `seq_centre` DISABLE KEYS */;
INSERT INTO `seq_centre` VALUES (1,'SC');
/*!40000 ALTER TABLE `seq_centre` ENABLE KEYS */;
UNLOCK TABLES;

--
-- Table structure for table `seq_request`
--

DROP TABLE IF EXISTS `seq_request`;
SET @saved_cs_client     = @@character_set_client;
SET character_set_client = utf8;
CREATE TABLE `seq_request` (
  `row_id` int(10) unsigned NOT NULL auto_increment,
  `seq_request_id` mediumint(8) unsigned NOT NULL default '0',
  `library_id` smallint(5) unsigned default NULL,
  `multiplex_pool_id` smallint(5) unsigned default NULL,
  `ssid` mediumint(8) unsigned default NULL,
  `seq_type` enum('HiSeq Paired end sequencing','Illumina-A HiSeq Paired end sequencing','Illumina-A Paired end sequencing','Illumina-A Pulldown ISC','Illumina-A Pulldown SC','Illumina-A Pulldown WGS','Illumina-A Single ended hi seq sequencing','Illumina-A Single ended sequencing','Illumina-B HiSeq Paired end sequencing','Illumina-B Paired end sequencing','Illumina-B Single ended hi seq sequencing','Illumina-B Single ended sequencing','Illumina-C HiSeq Paired end sequencing','Illumina-C MiSeq sequencing','Illumina-C Paired end sequencing','Illumina-C Single ended hi seq sequencing','Illumina-C Single ended sequencing','MiSeq sequencing','Paired end sequencing','Single ended hi seq sequencing','Single Ended Hi Seq Sequencing Control','Single ended sequencing') default 'Single ended sequencing',
  `seq_status` enum('unknown','pending','started','passed','failed','cancelled','hold') default 'unknown',
  `note_id` mediumint(8) unsigned default NULL,
  `changed` datetime NOT NULL default '0000-00-00 00:00:00',
  `latest` tinyint(1) default '0',
  PRIMARY KEY  (`row_id`),
  KEY `seq_request_id` (`seq_request_id`),
  KEY `ssid` (`ssid`)
) ENGINE=InnoDB DEFAULT CHARSET=latin1;
SET character_set_client = @saved_cs_client;

--
-- Dumping data for table `seq_request`
--

LOCK TABLES `seq_request` WRITE;
/*!40000 ALTER TABLE `seq_request` DISABLE KEYS */;
/*!40000 ALTER TABLE `seq_request` ENABLE KEYS */;
UNLOCK TABLES;

--
-- Table structure for table `seq_tech`
--

DROP TABLE IF EXISTS `seq_tech`;
SET @saved_cs_client     = @@character_set_client;
SET character_set_client = utf8;
CREATE TABLE `seq_tech` (
  `seq_tech_id` smallint(5) unsigned NOT NULL auto_increment,
  `name` varchar(255) NOT NULL default '',
  PRIMARY KEY  (`seq_tech_id`)
) ENGINE=InnoDB DEFAULT CHARSET=latin1;
SET character_set_client = @saved_cs_client;

--
-- Dumping data for table `seq_tech`
--

LOCK TABLES `seq_tech` WRITE;
/*!40000 ALTER TABLE `seq_tech` DISABLE KEYS */;
INSERT INTO `seq_tech` VALUES (1,'SLX');
/*!40000 ALTER TABLE `seq_tech` ENABLE KEYS */;
UNLOCK TABLES;

--
-- Table structure for table `species`
--

DROP TABLE IF EXISTS `species`;
SET @saved_cs_client     = @@character_set_client;
SET character_set_client = utf8;
CREATE TABLE `species` (
  `species_id` smallint(5) unsigned NOT NULL auto_increment,
  `name` varchar(255) NOT NULL,
  `taxon_id` mediumint(8) unsigned NOT NULL,
  PRIMARY KEY  (`species_id`),
  KEY `name` (`name`)
) ENGINE=InnoDB DEFAULT CHARSET=latin1;
SET character_set_client = @saved_cs_client;

--
-- Dumping data for table `species`
--

LOCK TABLES `species` WRITE;
/*!40000 ALTER TABLE `species` DISABLE KEYS */;
INSERT INTO `species` VALUES (1,'Homo sapiens',9606);
/*!40000 ALTER TABLE `species` ENABLE KEYS */;
UNLOCK TABLES;

--
-- Table structure for table `study`
--

DROP TABLE IF EXISTS `study`;
SET @saved_cs_client     = @@character_set_client;
SET character_set_client = utf8;
CREATE TABLE `study` (
  `study_id` smallint(5) unsigned NOT NULL auto_increment,
  `name` varchar(255) NOT NULL default '',
  `acc` varchar(40) default NULL,
  `ssid` mediumint(8) unsigned default NULL,
  `note_id` mediumint(8) unsigned default NULL,
  PRIMARY KEY  (`study_id`)
) ENGINE=InnoDB DEFAULT CHARSET=latin1;
SET character_set_client = @saved_cs_client;

--
-- Dumping data for table `study`
--

LOCK TABLES `study` WRITE;
/*!40000 ALTER TABLE `study` DISABLE KEYS */;
INSERT INTO `study` VALUES (1,'','2032',NULL,NULL),(2,'','2520',NULL,NULL);
/*!40000 ALTER TABLE `study` ENABLE KEYS */;
UNLOCK TABLES;

--
-- Table structure for table `submission`
--

DROP TABLE IF EXISTS `submission`;
SET @saved_cs_client     = @@character_set_client;
SET character_set_client = utf8;
CREATE TABLE `submission` (
  `submission_id` smallint(5) unsigned NOT NULL auto_increment,
  `date` datetime NOT NULL default '0000-00-00 00:00:00',
  `name` varchar(255) NOT NULL default '',
  `acc` varchar(40) default NULL,
  PRIMARY KEY  (`submission_id`),
  UNIQUE KEY `acc` (`acc`)
) ENGINE=InnoDB DEFAULT CHARSET=latin1;
SET character_set_client = @saved_cs_client;

--
-- Dumping data for table `submission`
--

LOCK TABLES `submission` WRITE;
/*!40000 ALTER TABLE `submission` DISABLE KEYS */;
/*!40000 ALTER TABLE `submission` ENABLE KEYS */;
UNLOCK TABLES;

--
-- Final view structure for view `latest_file`
--

/*!50001 DROP TABLE `latest_file`*/;
/*!50001 DROP VIEW IF EXISTS `latest_file`*/;
/*!50001 CREATE ALGORITHM=UNDEFINED */
/*!50013 DEFINER=`vreseq_rw`@`%` SQL SECURITY DEFINER */
/*!50001 VIEW `latest_file` AS select `file`.`row_id` AS `row_id`,`file`.`file_id` AS `file_id`,`file`.`lane_id` AS `lane_id`,`file`.`name` AS `name`,`file`.`hierarchy_name` AS `hierarchy_name`,`file`.`processed` AS `processed`,`file`.`type` AS `type`,`file`.`readlen` AS `readlen`,`file`.`raw_reads` AS `raw_reads`,`file`.`raw_bases` AS `raw_bases`,`file`.`mean_q` AS `mean_q`,`file`.`md5` AS `md5`,`file`.`note_id` AS `note_id`,`file`.`changed` AS `changed`,`file`.`latest` AS `latest` from `file` where (`file`.`latest` = 1) */;

--
-- Final view structure for view `latest_lane`
--

/*!50001 DROP TABLE `latest_lane`*/;
/*!50001 DROP VIEW IF EXISTS `latest_lane`*/;
/*!50001 CREATE ALGORITHM=UNDEFINED */
/*!50013 DEFINER=`vreseq_rw`@`%` SQL SECURITY DEFINER */
/*!50001 VIEW `latest_lane` AS select `lane`.`row_id` AS `row_id`,`lane`.`lane_id` AS `lane_id`,`lane`.`library_id` AS `library_id`,`lane`.`seq_request_id` AS `seq_request_id`,`lane`.`name` AS `name`,`lane`.`hierarchy_name` AS `hierarchy_name`,`lane`.`acc` AS `acc`,`lane`.`readlen` AS `readlen`,`lane`.`paired` AS `paired`,`lane`.`raw_reads` AS `raw_reads`,`lane`.`raw_bases` AS `raw_bases`,`lane`.`npg_qc_status` AS `npg_qc_status`,`lane`.`processed` AS `processed`,`lane`.`auto_qc_status` AS `auto_qc_status`,`lane`.`qc_status` AS `qc_status`,`lane`.`gt_status` AS `gt_status`,`lane`.`submission_id` AS `submission_id`,`lane`.`withdrawn` AS `withdrawn`,`lane`.`note_id` AS `note_id`,`lane`.`changed` AS `changed`,`lane`.`run_date` AS `run_date`,`lane`.`storage_path` AS `storage_path`,`lane`.`latest` AS `latest` from `lane` where (`lane`.`latest` = 1) */;

--
-- Final view structure for view `latest_library`
--

/*!50001 DROP TABLE `latest_library`*/;
/*!50001 DROP VIEW IF EXISTS `latest_library`*/;
/*!50001 CREATE ALGORITHM=UNDEFINED */
/*!50013 DEFINER=`vreseq_rw`@`%` SQL SECURITY DEFINER */
/*!50001 VIEW `latest_library` AS select `library`.`row_id` AS `row_id`,`library`.`library_id` AS `library_id`,`library`.`library_request_id` AS `library_request_id`,`library`.`sample_id` AS `sample_id`,`library`.`ssid` AS `ssid`,`library`.`name` AS `name`,`library`.`hierarchy_name` AS `hierarchy_name`,`library`.`prep_status` AS `prep_status`,`library`.`auto_qc_status` AS `auto_qc_status`,`library`.`qc_status` AS `qc_status`,`library`.`fragment_size_from` AS `fragment_size_from`,`library`.`fragment_size_to` AS `fragment_size_to`,`library`.`library_type_id` AS `library_type_id`,`library`.`library_tag` AS `library_tag`,`library`.`library_tag_group` AS `library_tag_group`,`library`.`library_tag_sequence` AS `library_tag_sequence`,`library`.`seq_centre_id` AS `seq_centre_id`,`library`.`seq_tech_id` AS `seq_tech_id`,`library`.`open` AS `open`,`library`.`note_id` AS `note_id`,`library`.`changed` AS `changed`,`library`.`latest` AS `latest` from `library` where (`library`.`latest` = 1) */;

--
-- Final view structure for view `latest_library_request`
--

/*!50001 DROP TABLE `latest_library_request`*/;
/*!50001 DROP VIEW IF EXISTS `latest_library_request`*/;
/*!50001 CREATE ALGORITHM=UNDEFINED */
/*!50013 DEFINER=`vreseq_rw`@`%` SQL SECURITY DEFINER */
/*!50001 VIEW `latest_library_request` AS select `library_request`.`row_id` AS `row_id`,`library_request`.`library_request_id` AS `library_request_id`,`library_request`.`sample_id` AS `sample_id`,`library_request`.`ssid` AS `ssid`,`library_request`.`prep_status` AS `prep_status`,`library_request`.`note_id` AS `note_id`,`library_request`.`changed` AS `changed`,`library_request`.`latest` AS `latest` from `library_request` where (`library_request`.`latest` = 1) */;

--
-- Final view structure for view `latest_mapstats`
--

/*!50001 DROP TABLE `latest_mapstats`*/;
/*!50001 DROP VIEW IF EXISTS `latest_mapstats`*/;
/*!50001 CREATE ALGORITHM=UNDEFINED */
/*!50013 DEFINER=`vreseq_rw`@`%` SQL SECURITY DEFINER */
/*!50001 VIEW `latest_mapstats` AS select `mapstats`.`row_id` AS `row_id`,`mapstats`.`mapstats_id` AS `mapstats_id`,`mapstats`.`lane_id` AS `lane_id`,`mapstats`.`mapper_id` AS `mapper_id`,`mapstats`.`assembly_id` AS `assembly_id`,`mapstats`.`raw_reads` AS `raw_reads`,`mapstats`.`raw_bases` AS `raw_bases`,`mapstats`.`clip_bases` AS `clip_bases`,`mapstats`.`reads_mapped` AS `reads_mapped`,`mapstats`.`reads_paired` AS `reads_paired`,`mapstats`.`bases_mapped` AS `bases_mapped`,`mapstats`.`rmdup_reads_mapped` AS `rmdup_reads_mapped`,`mapstats`.`rmdup_bases_mapped` AS `rmdup_bases_mapped`,`mapstats`.`adapter_reads` AS `adapter_reads`,`mapstats`.`error_rate` AS `error_rate`,`mapstats`.`mean_insert` AS `mean_insert`,`mapstats`.`sd_insert` AS `sd_insert`,`mapstats`.`gt_expected` AS `gt_expected`,`mapstats`.`gt_found` AS `gt_found`,`mapstats`.`gt_ratio` AS `gt_ratio`,`mapstats`.`note_id` AS `note_id`,`mapstats`.`changed` AS `changed`,`mapstats`.`latest` AS `latest`,`mapstats`.`bait_near_bases_mapped` AS `bait_near_bases_mapped`,`mapstats`.`target_near_bases_mapped` AS `target_near_bases_mapped`,`mapstats`.`bait_bases_mapped` AS `bait_bases_mapped`,`mapstats`.`mean_bait_coverage` AS `mean_bait_coverage`,`mapstats`.`bait_coverage_sd` AS `bait_coverage_sd`,`mapstats`.`off_bait_bases` AS `off_bait_bases`,`mapstats`.`reads_on_bait` AS `reads_on_bait`,`mapstats`.`reads_on_bait_near` AS `reads_on_bait_near`,`mapstats`.`reads_on_target` AS `reads_on_target`,`mapstats`.`reads_on_target_near` AS `reads_on_target_near`,`mapstats`.`target_bases_mapped` AS `target_bases_mapped`,`mapstats`.`mean_target_coverage` AS `mean_target_coverage`,`mapstats`.`target_coverage_sd` AS `target_coverage_sd`,`mapstats`.`target_bases_1X` AS `target_bases_1X`,`mapstats`.`target_bases_2X` AS `target_bases_2X`,`mapstats`.`target_bases_5X` AS `target_bases_5X`,`mapstats`.`target_bases_10X` AS `target_bases_10X`,`mapstats`.`target_bases_20X` AS `target_bases_20X`,`mapstats`.`target_bases_50X` AS `target_bases_50X`,`mapstats`.`target_bases_100X` AS `target_bases_100X`,`mapstats`.`exome_design_id` AS `exome_design_id`,`mapstats`.`percentage_reads_with_transposon` AS `percentage_reads_with_transposon`,`mapstats`.`is_qc` AS `is_qc`,`mapstats`.`prefix` AS `prefix` from `mapstats` where (`mapstats`.`latest` = 1) */;

--
-- Final view structure for view `latest_project`
--

/*!50001 DROP TABLE `latest_project`*/;
/*!50001 DROP VIEW IF EXISTS `latest_project`*/;
/*!50001 CREATE ALGORITHM=UNDEFINED */
/*!50013 DEFINER=`vreseq_rw`@`%` SQL SECURITY DEFINER */
/*!50001 VIEW `latest_project` AS select `project`.`row_id` AS `row_id`,`project`.`project_id` AS `project_id`,`project`.`ssid` AS `ssid`,`project`.`name` AS `name`,`project`.`hierarchy_name` AS `hierarchy_name`,`project`.`study_id` AS `study_id`,`project`.`note_id` AS `note_id`,`project`.`changed` AS `changed`,`project`.`latest` AS `latest` from `project` where (`project`.`latest` = 1) */;

--
-- Final view structure for view `latest_sample`
--

/*!50001 DROP TABLE `latest_sample`*/;
/*!50001 DROP VIEW IF EXISTS `latest_sample`*/;
/*!50001 CREATE ALGORITHM=UNDEFINED */
/*!50013 DEFINER=`vreseq_rw`@`%` SQL SECURITY DEFINER */
/*!50001 VIEW `latest_sample` AS select `sample`.`row_id` AS `row_id`,`sample`.`sample_id` AS `sample_id`,`sample`.`project_id` AS `project_id`,`sample`.`ssid` AS `ssid`,`sample`.`name` AS `name`,`sample`.`hierarchy_name` AS `hierarchy_name`,`sample`.`individual_id` AS `individual_id`,`sample`.`note_id` AS `note_id`,`sample`.`changed` AS `changed`,`sample`.`latest` AS `latest` from `sample` where (`sample`.`latest` = 1) */;

--
-- Final view structure for view `latest_seq_request`
--

/*!50001 DROP TABLE `latest_seq_request`*/;
/*!50001 DROP VIEW IF EXISTS `latest_seq_request`*/;
/*!50001 CREATE ALGORITHM=UNDEFINED */
/*!50013 DEFINER=`vreseq_rw`@`%` SQL SECURITY DEFINER */
/*!50001 VIEW `latest_seq_request` AS select `seq_request`.`row_id` AS `row_id`,`seq_request`.`seq_request_id` AS `seq_request_id`,`seq_request`.`library_id` AS `library_id`,`seq_request`.`multiplex_pool_id` AS `multiplex_pool_id`,`seq_request`.`ssid` AS `ssid`,`seq_request`.`seq_type` AS `seq_type`,`seq_request`.`seq_status` AS `seq_status`,`seq_request`.`note_id` AS `note_id`,`seq_request`.`changed` AS `changed`,`seq_request`.`latest` AS `latest` from `seq_request` where (`seq_request`.`latest` = 1) */;
/*!40103 SET TIME_ZONE=@OLD_TIME_ZONE */;

/*!40101 SET SQL_MODE=@OLD_SQL_MODE */;
/*!40014 SET FOREIGN_KEY_CHECKS=@OLD_FOREIGN_KEY_CHECKS */;
/*!40014 SET UNIQUE_CHECKS=@OLD_UNIQUE_CHECKS */;
/*!40101 SET CHARACTER_SET_CLIENT=@OLD_CHARACTER_SET_CLIENT */;
/*!40101 SET CHARACTER_SET_RESULTS=@OLD_CHARACTER_SET_RESULTS */;
/*!40101 SET COLLATION_CONNECTION=@OLD_COLLATION_CONNECTION */;
/*!40111 SET SQL_NOTES=@OLD_SQL_NOTES */;

-- Dump completed on 2013-05-16 16:12:56
